Pad;X_mm;Y_mm;Signal;Kategorie
A3;-16.92;-17.415;USBC_I2C_SDA;USB
A4;-15.98;-17.415;VSS;VSS
A5;-15.04;-17.415;RSVD;Debug
A6;-14.1;-17.415;DP0_VARY_BL;Steuerung
A7;-13.16;-17.415;DP0_DIGON;Steuerung
A8;-12.22;-17.415;VSS;VSS
A9;-11.28;-17.415;VSS;VSS
A10;-10.34;-17.415;USBC2_RX2N/DP3_TXN[0];Reserviert
A11;-9.4;-17.415;VSS;VSS
A12;-8.46;-17.415;USBC2_RX1P/USB2_RXP/DP3_TXP[3];Reserviert
A13;-7.52;-17.415;VSS;VSS
A14;-6.58;-17.415;USBC1_RX2N/DP2_TXN[0];Reserviert
A15;-5.64;-17.415;VSS;VSS
A20;-0.94;-17.415;VSS;VSS
A22;0.94;-17.415;USBC0_RX1N/USB0_RXN/DP1_TXN[3];Reserviert
A23;1.88;-17.415;VSS;VSS
A24;2.82;-17.415;MAA_DATA[2];Speicher-B
A25;3.76;-17.415;VSS;VSS
A26;4.7;-17.415;MAA_DQS_H[0];Speicher-B
A27;5.64;-17.415;MAA_DATA[4];Speicher-B
A28;6.58;-17.415;VSS;VSS
A29;7.52;-17.415;MAA_DATA[11];Speicher-B
A30;8.46;-17.415;MAA_DM[1];Speicher-B
A31;9.4;-17.415;VSS;VSS
A32;10.34;-17.415;MAA_DATA[13];Speicher-B
A33;11.28;-17.415;MAA_DATA[18];Speicher-B
A34;12.22;-17.415;VSS;VSS
A35;13.16;-17.415;MAA_DQS_H[2];Speicher-B
A36;14.1;-17.415;MAA_DATA[20];Speicher-B
A37;15.04;-17.415;VSS;VSS
A38;15.98;-17.415;MBA_DATA[26];Speicher-A
A39;16.92;-17.415;MBA_DATA[24];Speicher-A
B3;-16.92;-16.605;USBC_I2C_SCL;USB
B4;-15.98;-16.605;RSVD;Debug
B5;-15.04;-16.605;SVC;Takt/Debug
B6;-14.1;-16.605;VSS;VSS
B7;-13.16;-16.605;DP0_BLON;Steuerung
B8;-12.22;-16.605;VSS;VSS
B9;-11.28;-16.605;VSS;VSS
B10;-10.34;-16.605;USBC2_RX2P/DP3_TXP[0];Reserviert
B11;-9.4;-16.605;VSS;VSS
B12;-8.46;-16.605;USBC2_RX1N/USB2_RXN/DP3_TXN[3];Reserviert
B13;-7.52;-16.605;VSS;VSS
B14;-6.58;-16.605;USBC1_RX2P/DP2_TXP[0];Reserviert
B15;-5.64;-16.605;VSS;VSS
B16;-4.7;-16.605;USBC1_RX1N/USB1_RXN/DP2_TXN[3];Reserviert
B17;-3.76;-16.605;USBC1_RX1P/USB1_RXP/DP2_TXP[3];Reserviert
B18;-2.82;-16.605;VSS;VSS
B19;-1.88;-16.605;USBC0_RX2P/DP1_TXP[0];Reserviert
B20;-0.94;-16.605;USBC0_RX2N/DP1_TXN[0];Reserviert
B21;0.0;-16.605;VSS;VSS
B22;0.94;-16.605;USBC0_RX1P/USB0_RXP/DP1_TXP[3];Reserviert
B23;1.88;-16.605;VSS;VSS
B24;2.82;-16.605;MAA_DATA[1];Speicher-B
B25;3.76;-16.605;MAA_DQS_L[0];Speicher-B
B26;4.7;-16.605;VSS;VSS
B27;5.64;-16.605;MAA_DATA[7];Speicher-B
B28;6.58;-16.605;MAA_DATA[8];Speicher-B
B29;7.52;-16.605;VSS;VSS
B30;8.46;-16.605;VSS;VSS
B31;9.4;-16.605;MAA_DATA[12];Speicher-B
B32;10.34;-16.605;VSS;VSS
B33;11.28;-16.605;MAA_DATA[17];Speicher-B
B34;12.22;-16.605;MAA_DQS_L[2];Speicher-B
B35;13.16;-16.605;VSS;VSS
B36;14.1;-16.605;MAA_DATA[21];Speicher-B
B37;15.04;-16.605;VSS;VSS
B38;15.98;-16.605;MBA_DATA[27];Speicher-A
B39;16.92;-16.605;VSS;VSS
C1;-18.8;-15.795;VSS;VSS
C2;-17.86;-15.795;DMIC_CLK;HDA/DMIC
C3;-16.92;-15.795;DMIC_DATA0;HDA/DMIC
C4;-15.98;-15.795;VSS;VSS
C5;-15.04;-15.795;SVT;Takt/Debug
C6;-14.1;-15.795;RSVD;Debug
C7;-13.16;-15.795;VSS;VSS
C8;-12.22;-15.795;VSS;VSS
C9;-11.28;-15.795;VSS;VSS
C10;-10.34;-15.795;VSS;VSS
C11;-9.4;-15.795;VSS;VSS
C12;-8.46;-15.795;VSS;VSS
C13;-7.52;-15.795;VSS;VSS
C14;-6.58;-15.795;VSS;VSS
C15;-5.64;-15.795;VSS;VSS
C16;-4.7;-15.795;VSS;VSS
C17;-3.76;-15.795;VSS;VSS
C18;-2.82;-15.795;VSS;VSS
C19;-1.88;-15.795;VSS;VSS
C20;-0.94;-15.795;VSS;VSS
C22;0.94;-15.795;VSS;VSS
C23;1.88;-15.795;VSS;VSS
C24;2.82;-15.795;MAA_DATA[0];Speicher-B
C25;3.76;-15.795;VSS;VSS
C26;4.7;-15.795;MAA_DM[0];Speicher-B
C27;5.64;-15.795;MAA_DATA[6];Speicher-B
C28;6.58;-15.795;VSS;VSS
C29;7.52;-15.795;MAA_DATA[9];Speicher-B
C30;8.46;-15.795;MAA_DQS_L[1];Speicher-B
C31;9.4;-15.795;VSS;VSS
C32;10.34;-15.795;MAA_DATA[15];Speicher-B
C33;11.28;-15.795;MAA_DATA[16];Speicher-B
C34;12.22;-15.795;VSS;VSS
C35;13.16;-15.795;MAA_DM[2];Speicher-B
C36;14.1;-15.795;MAA_DATA[22];Speicher-B
C37;15.04;-15.795;VSS;VSS
C38;15.98;-15.795;VSS;VSS
C39;16.92;-15.795;MBA_DATA[25];Speicher-A
C40;17.86;-15.795;MBA_DM[3];Speicher-A
C41;18.8;-15.795;VSS;VSS
D2;-17.86;-14.985;AZ_SDOUT/SW0_MDATA2;HDA/DMIC
D3;-16.92;-14.985;VSS;VSS
D4;-15.98;-14.985;RSVD;Debug
D5;-15.04;-14.985;SVD;Takt/Debug
D6;-14.1;-14.985;VSS;VSS
D7;-13.16;-14.985;DP_STEREOSYNC;Steuerung
D8;-12.22;-14.985;DP3_HPD;Steuerung
D9;-11.28;-14.985;DP3_AUXN;Steuerung
D10;-10.34;-14.985;DP3_AUXP;Steuerung
D11;-9.4;-14.985;VSS;VSS
D12;-8.46;-14.985;DP2_HPD;Steuerung
D13;-7.52;-14.985;DP2_AUXN/USBC1_SBTX;Reserviert
D14;-6.58;-14.985;DP2_AUXP/USBC1_SBRX;Reserviert
D15;-5.64;-14.985;VSS;VSS
D16;-4.7;-14.985;DP1_HPD;Steuerung
D17;-3.76;-14.985;DP1_AUXP/USBC0_SBRX;Reserviert
D18;-2.82;-14.985;DP1_AUXN/USBC0_SBTX;Reserviert
D19;-1.88;-14.985;DP0_HPD;Steuerung
D20;-0.94;-14.985;DP0_AUXN;Steuerung
D21;0.0;-14.985;DP0_AUXP;Steuerung
D22;0.94;-14.985;VSS;VSS
D23;1.88;-14.985;VSS;VSS
D24;2.82;-14.985;MAA_DATA[3];Speicher-B
D25;3.76;-14.985;VSS;VSS
D26;4.7;-14.985;VSS;VSS
D27;5.64;-14.985;MAA_DATA[5];Speicher-B
D28;6.58;-14.985;MAA_DATA[10];Speicher-B
D29;7.52;-14.985;VSS;VSS
D30;8.46;-14.985;MAA_DQS_H[1];Speicher-B
D31;9.4;-14.985;MAA_DATA[14];Speicher-B
D32;10.34;-14.985;VSS;VSS
D33;11.28;-14.985;VSS;VSS
D34;12.22;-14.985;MAA_DATA[19];Speicher-B
D35;13.16;-14.985;MAA_DATA[23];Speicher-B
D36;14.1;-14.985;VSS;VSS
D37;15.04;-14.985;MBA_DQS_L[3];Speicher-A
D38;15.98;-14.985;MBA_DQS_H[3];Speicher-A
D39;16.92;-14.985;VSS;VSS
D40;17.86;-14.985;MBA_DATA[28];Speicher-A
E1;-18.8;-14.175;VSS;VSS
E2;-17.86;-14.175;AZ_SDIN1/SW0_MCLK/DMIC_DATA1;HDA/DMIC
E3;-16.92;-14.175;AZ_BITCLK/SW1_MCLK/DMIC_DATA1;HDA/DMIC
E4;-15.98;-14.175;VSS;VSS
E5;-15.04;-14.175;RSVD;Debug
E6;-14.1;-14.175;VSS;VSS
E7;-13.16;-14.175;VSS;VSS
E8;-12.22;-14.175;VSS;VSS
E9;-11.28;-14.175;VSS;VSS
E10;-10.34;-14.175;VSS;VSS
E11;-9.4;-14.175;VSS;VSS
E12;-8.46;-14.175;VSS;VSS
E13;-7.52;-14.175;VSS;VSS
E14;-6.58;-14.175;VSS;VSS
E15;-5.64;-14.175;VSS;VSS
E16;-4.7;-14.175;VSS;VSS
E17;-3.76;-14.175;VSS;VSS
E18;-2.82;-14.175;VSS;VSS
E19;-1.88;-14.175;VSS;VSS
E20;-0.94;-14.175;VSS;VSS
E22;0.94;-14.175;VSS;VSS
E23;1.88;-14.175;VSS;VSS
E24;2.82;-14.175;VSS;VSS
E25;3.76;-14.175;VSS;VSS
E26;4.7;-14.175;VSS;VSS
E27;5.64;-14.175;VSS;VSS
E28;6.58;-14.175;VSS;VSS
E29;7.52;-14.175;VSS;VSS
E30;8.46;-14.175;VSS;VSS
E31;9.4;-14.175;VSS;VSS
E32;10.34;-14.175;VSS;VSS
E33;11.28;-14.175;VSS;VSS
E34;12.22;-14.175;VSS;VSS
E35;13.16;-14.175;VSS;VSS
E36;14.1;-14.175;VSS;VSS
E37;15.04;-14.175;VSS;VSS
E38;15.98;-14.175;VSS;VSS
E39;16.92;-14.175;MBA_DATA[30];Speicher-A
E40;17.86;-14.175;MBA_DATA[29];Speicher-A
E41;18.8;-14.175;VSS;VSS
F2;-17.86;-13.365;AZ_SDIN0/SW0_MDATA3;HDA/DMIC
F3;-16.92;-13.365;VSS;VSS
F4;-15.98;-13.365;AZ_RST_L/SW0_MDATA1;HDA/DMIC
F5;-15.04;-13.365;RSVD;Debug
F6;-14.1;-13.365;VSS;VSS
F7;-13.16;-13.365;VSS;VSS
F8;-12.22;-13.365;USBC0_DP/USB0_DP;USB
F9;-11.28;-13.365;USBC0_DN/USB0_DN;USB
F10;-10.34;-13.365;VSS;VSS
F11;-9.4;-13.365;USB3_RXN;USB
F12;-8.46;-13.365;USB3_RXP;USB
F13;-7.52;-13.365;VSS;VSS
F14;-6.58;-13.365;USBC2_TX1P/USB2_TXP/DP3_TXP[2];Reserviert
F15;-5.64;-13.365;USBC2_TX1N/USB2_TXN/DP3_TXN[2];Reserviert
F16;-4.7;-13.365;VSS;VSS
F17;-3.76;-13.365;USBC0_TX2P/DP1_TXP[1];Reserviert
F18;-2.82;-13.365;USBC0_TX2N/DP1_TXN[1];Reserviert
F19;-1.88;-13.365;VSS;VSS
F20;-0.94;-13.365;DP0_TXN[1];Steuerung
F21;0.0;-13.365;DP0_TXP[1];Steuerung
F22;0.94;-13.365;VSS;VSS
F23;1.88;-13.365;MBA_DATA[0];Speicher-A
F24;2.82;-13.365;MBA_DATA[2];Speicher-A
F25;3.76;-13.365;VSS;VSS
F26;4.7;-13.365;MBA_DM[0];Speicher-A
F27;5.64;-13.365;VSS;VSS
F28;6.58;-13.365;MBA_DATA[10];Speicher-A
F29;7.52;-13.365;MBA_DATA[11];Speicher-A
F30;8.46;-13.365;VSS;VSS
F31;9.4;-13.365;MBA_DATA[12];Speicher-A
F32;10.34;-13.365;MBA_DATA[15];Speicher-A
F33;11.28;-13.365;VSS;VSS
F34;12.22;-13.365;MBA_DATA[19];Speicher-A
F35;13.16;-13.365;MBA_DM[2];Speicher-A
F36;14.1;-13.365;VSS;VSS
F37;15.04;-13.365;MBA_DATA[31];Speicher-A
F38;15.98;-13.365;VSS;VSS
F39;16.92;-13.365;VSS;VSS
F40;17.86;-13.365;VSS;VSS
G1;-18.8;-12.555;VSS;VSS
G2;-17.86;-12.555;AZ_SYNC/SW1_MDATA0/DMIC_DATA2;HDA/DMIC
G3;-16.92;-12.555;AZ_SDIN2/SW0_MDATA0/DMIC_DATA2;HDA/DMIC
G4;-15.98;-12.555;VSS;VSS
G5;-15.04;-12.555;VSS;VSS
G6;-14.1;-12.555;VSS;VSS
G7;-13.16;-12.555;VSS;VSS
G8;-12.22;-12.555;VSS;VSS
G9;-11.28;-12.555;VSS;VSS
G10;-10.34;-12.555;VSS;VSS
G11;-9.4;-12.555;VSS;VSS
G12;-8.46;-12.555;VSS;VSS
G13;-7.52;-12.555;VSS;VSS
G14;-6.58;-12.555;VSS;VSS
G15;-5.64;-12.555;VSS;VSS
G16;-4.7;-12.555;VSS;VSS
G17;-3.76;-12.555;VSS;VSS
G18;-2.82;-12.555;VSS;VSS
G19;-1.88;-12.555;VSS;VSS
G20;-0.94;-12.555;VSS;VSS
G22;0.94;-12.555;VSS;VSS
G23;1.88;-12.555;VSS;VSS
G24;2.82;-12.555;MBA_DATA[1];Speicher-A
G25;3.76;-12.555;MBA_DQS_L[0];Speicher-A
G26;4.7;-12.555;VSS;VSS
G27;5.64;-12.555;MBA_DATA[4];Speicher-A
G28;6.58;-12.555;MBA_DATA[8];Speicher-A
G29;7.52;-12.555;VSS;VSS
G30;8.46;-12.555;MBA_DM[1];Speicher-A
G31;9.4;-12.555;VSS;VSS
G32;10.34;-12.555;VSS;VSS
G33;11.28;-12.555;MBA_DATA[18];Speicher-A
G34;12.22;-12.555;MBA_DQS_L[2];Speicher-A
G35;13.16;-12.555;VSS;VSS
G36;14.1;-12.555;MBA_DATA[20];Speicher-A
G37;15.04;-12.555;VSS;VSS
G38;15.98;-12.555;VSS;VSS
G39;16.92;-12.555;MAA_DATA[26];Speicher-B
G40;17.86;-12.555;MAA_DATA[24];Speicher-B
G41;18.8;-12.555;VSS;VSS
H2;-17.86;-11.745;VSS;VSS
H3;-16.92;-11.745;VSS;VSS
H4;-15.98;-11.745;VDDIO_AUDIO;Takt/Debug
H5;-15.04;-11.745;VSS;VSS
H6;-14.1;-11.745;USB4_DP;USB
H7;-13.16;-11.745;USB4_DN;USB
H8;-12.22;-11.745;VSS;VSS
H9;-11.28;-11.745;USB3_DP;USB
H10;-10.34;-11.745;USB3_DN;USB
H11;-9.4;-11.745;VSS;VSS
H12;-8.46;-11.745;USB3_TXN;USB
H13;-7.52;-11.745;USB3_TXP;USB
H14;-6.58;-11.745;VSS;VSS
H15;-5.64;-11.745;USBC1_TX2P/DP2_TXP[1];Reserviert
H16;-4.7;-11.745;USBC1_TX2N/DP2_TXN[1];Reserviert
H17;-3.76;-11.745;VSS;VSS
H18;-2.82;-11.745;USBC0_TX1P/USB0_TXP/DP1_TXP[2];Reserviert
H19;-1.88;-11.745;USBC0_TX1N/USB0_TXN/DP1_TXN[2];Reserviert
H20;-0.94;-11.745;VSS;VSS
H21;0.0;-11.745;DP0_TXN[2];Steuerung
H22;0.94;-11.745;DP0_TXP[2];Steuerung
H23;1.88;-11.745;VSS;VSS
H24;2.82;-11.745;VSS;VSS
H25;3.76;-11.745;MBA_DQS_H[0];Speicher-A
H26;4.7;-11.745;MBA_DATA[6];Speicher-A
H27;5.64;-11.745;VSS;VSS
H28;6.58;-11.745;MBA_DATA[9];Speicher-A
H29;7.52;-11.745;MBA_DQS_L[1];Speicher-A
H30;8.46;-11.745;VSS;VSS
H31;9.4;-11.745;MBA_DATA[13];Speicher-A
H32;10.34;-11.745;MBA_DATA[16];Speicher-A
H33;11.28;-11.745;VSS;VSS
H34;12.22;-11.745;MBA_DQS_H[2];Speicher-A
H35;13.16;-11.745;MBA_DATA[22];Speicher-A
H36;14.1;-11.745;VSS;VSS
H37;15.04;-11.745;MAA_DATA[27];Speicher-B
H38;15.98;-11.745;MAA_DATA[25];Speicher-B
H39;16.92;-11.745;VSS;VSS
H40;17.86;-11.745;MAA_DM[3];Speicher-B
J1;-18.8;-10.935;VSS;VSS
J2;-17.86;-10.935;PCIE_TXN[0];PCIe
J3;-16.92;-10.935;VSS;VSS
J4;-15.98;-10.935;VSS;VSS
J5;-15.04;-10.935;VSS;VSS
J6;-14.1;-10.935;VSS;VSS
J7;-13.16;-10.935;VSS;VSS
J8;-12.22;-10.935;VSS;VSS
J9;-11.28;-10.935;VSS;VSS
J10;-10.34;-10.935;VSS;VSS
J11;-9.4;-10.935;VSS;VSS
J12;-8.46;-10.935;VSS;VSS
J13;-7.52;-10.935;VSS;VSS
J14;-6.58;-10.935;VSS;VSS
J15;-5.64;-10.935;VSS;VSS
J16;-4.7;-10.935;VSS;VSS
J17;-3.76;-10.935;VSS;VSS
J18;-2.82;-10.935;VSS;VSS
J19;-1.88;-10.935;VSS;VSS
J20;-0.94;-10.935;VSS;VSS
J22;0.94;-10.935;VSS;VSS
J23;1.88;-10.935;VSS;VSS
J24;2.82;-10.935;VSS;VSS
J25;3.76;-10.935;MBA_DATA[3];Speicher-A
J26;4.7;-10.935;VSS;VSS
J27;5.64;-10.935;MBA_DATA[7];Speicher-A
J28;6.58;-10.935;MBA_DATA[5];Speicher-A
J29;7.52;-10.935;VSS;VSS
J30;8.46;-10.935;MBA_DQS_H[1];Speicher-A
J31;9.4;-10.935;MBA_DATA[14];Speicher-A
J32;10.34;-10.935;VSS;VSS
J33;11.28;-10.935;MBA_DATA[17];Speicher-A
J34;12.22;-10.935;MBA_DATA[21];Speicher-A
J35;13.16;-10.935;VSS;VSS
J36;14.1;-10.935;MBA_DATA[23];Speicher-A
J37;15.04;-10.935;VSS;VSS
J38;15.98;-10.935;VSS;VSS
J39;16.92;-10.935;MAA_DQS_L[3];Speicher-B
J40;17.86;-10.935;MAA_DQS_H[3];Speicher-B
J41;18.8;-10.935;VSS;VSS
K2;-17.86;-10.125;PCIE_TXP[0];PCIe
K3;-16.92;-10.125;VSS;VSS
K4;-15.98;-10.125;PCIE_TXN[1];PCIe
K5;-15.04;-10.125;VSS;VSS
K6;-14.1;-10.125;VSS;VSS
K7;-13.16;-10.125;USBC2_DN/USB2_DN;USB
K8;-12.22;-10.125;USBC2_DP/USB2_DP;USB
K9;-11.28;-10.125;VSS;VSS
K10;-10.34;-10.125;USBC1_DP/USB1_DP;USB
K11;-9.4;-10.125;USBC1_DN/USB1_DN;USB
K12;-8.46;-10.125;VSS;VSS
K13;-7.52;-10.125;USBC2_TX2P/DP3_TXP[1];Reserviert
K14;-6.58;-10.125;USBC2_TX2N/DP3_TXN[1];Reserviert
K15;-5.64;-10.125;VSS;VSS
K16;-4.7;-10.125;USBC1_TX1P/USB1_TXP/DP2_TXP[2];Reserviert
K17;-3.76;-10.125;USBC1_TX1N/USB1_TXN/DP2_TXN[2];Reserviert
K18;-2.82;-10.125;VSS;VSS
K19;-1.88;-10.125;DP0_TXN[0];Steuerung
K20;-0.94;-10.125;DP0_TXP[0];Steuerung
K21;0.0;-10.125;VSS;VSS
K22;0.94;-10.125;DP0_TXN[3];Steuerung
K23;1.88;-10.125;DP0_TXP[3];Steuerung
K24;2.82;-10.125;VSS;VSS
K25;3.76;-10.125;VSS;VSS
K26;4.7;-10.125;VSS;VSS
K27;5.64;-10.125;VSS;VSS
K28;6.58;-10.125;VSS;VSS
K29;7.52;-10.125;SMU_ZVDD_ODPR0;Takt/Debug
K30;8.46;-10.125;VSS;VSS
K31;9.4;-10.125;VSS;VSS
K32;10.34;-10.125;VSS;VSS
K33;11.28;-10.125;VSS;VSS
K34;12.22;-10.125;VSS;VSS
K35;13.16;-10.125;VSS;VSS
K36;14.1;-10.125;VSS;VSS
K37;15.04;-10.125;MAA_DATA[28];Speicher-B
K38;15.98;-10.125;MAA_DATA[30];Speicher-B
K39;16.92;-10.125;VSS;VSS
K40;17.86;-10.125;MAA_DATA[29];Speicher-B
L1;-18.8;-9.315;VSS;VSS
L2;-17.86;-9.315;VSS;VSS
L3;-16.92;-9.315;PCIE_TXP[1];PCIe
L4;-15.98;-9.315;VSS;VSS
L5;-15.04;-9.315;PCIE_TXN[2];PCIe
L6;-14.1;-9.315;VSS;VSS
L7;-13.16;-9.315;VSS;VSS
L8;-12.22;-9.315;VDDCR_SOC;GPP-Takt
L9;-11.28;-9.315;VDDCR_SOC;GPP-Takt
L10;-10.34;-9.315;VDDCR_SOC;GPP-Takt
L11;-9.4;-9.315;VDDCR_SOC;GPP-Takt
L12;-8.46;-9.315;VDDCR_SOC;GPP-Takt
L13;-7.52;-9.315;VDDCR_SOC;GPP-Takt
L14;-6.58;-9.315;VDDCR_SOC;GPP-Takt
L15;-5.64;-9.315;VDDCR_SOC;GPP-Takt
L16;-4.7;-9.315;VDDCR_SOC;GPP-Takt
L17;-3.76;-9.315;VDDCR_SOC;GPP-Takt
L18;-2.82;-9.315;VDDCR_SOC;GPP-Takt
L19;-1.88;-9.315;VDDIO_MEM_S3;Sonstig2
L20;-0.94;-9.315;VDDIO_MEM_S3;Sonstig2
L22;0.94;-9.315;VDDCR_SENSE;Takt/Debug
L23;1.88;-9.315;VDDIO_MEM_S3;Sonstig2
L24;2.82;-9.315;VDDIO_MEM_S3;Sonstig2
L25;3.76;-9.315;VDDIO_MEM_S3;Sonstig2
L26;4.7;-9.315;VDDIO_MEM_S3;Sonstig2
L27;5.64;-9.315;VDDIO_MEM_S3;Sonstig2
L28;6.58;-9.315;VDDIO_MEM_S3;Sonstig2
L29;7.52;-9.315;VDDIO_MEM_S3;Sonstig2
L30;8.46;-9.315;VDDIO_MEM_S3;Sonstig2
L31;9.4;-9.315;VSS;VSS
L32;10.34;-9.315;VSS;VSS
L33;11.28;-9.315;MBA0_CS_L[0];Speicher-A
L34;12.22;-9.315;MBA1_CS_L[0];Speicher-A
L35;13.16;-9.315;VSS;VSS
L36;14.1;-9.315;MB_ALERT_L;Speicher-A
L37;15.04;-9.315;VSS;VSS
L38;15.98;-9.315;VSS;VSS
L39;16.92;-9.315;MAA_DATA[31];Speicher-B
L40;17.86;-9.315;VSS;VSS
L41;18.8;-9.315;VSS;VSS
M2;-17.86;-8.505;VSS;VSS
M3;-16.92;-8.505;VSS;VSS
M4;-15.98;-8.505;VSS;VSS
M5;-15.04;-8.505;PCIE_TXP[2];PCIe
M6;-14.1;-8.505;VSS;VSS
M7;-13.16;-8.505;PCIE_TXN[3];PCIe
M8;-12.22;-8.505;VDDCR_SOC;GPP-Takt
M9;-11.28;-8.505;VSS;VSS
M10;-10.34;-8.505;VDDCR_SOC;GPP-Takt
M11;-9.4;-8.505;VSS;VSS
M12;-8.46;-8.505;VDDCR_SOC;GPP-Takt
M13;-7.52;-8.505;VSS;VSS
M14;-6.58;-8.505;VDDCR_SOC;GPP-Takt
M15;-5.64;-8.505;VSS;VSS
M16;-4.7;-8.505;VDDCR_SOC;GPP-Takt
M17;-3.76;-8.505;VSS;VSS
M18;-2.82;-8.505;VDDCR_SOC;GPP-Takt
M19;-1.88;-8.505;VSS;VSS
M20;-0.94;-8.505;VDDIO_MEM_S3;Sonstig2
M21;0.0;-8.505;VSS_SENSE_A;Takt/Debug
M22;0.94;-8.505;VDDCR_SOC_SENSE;Takt/Debug
M23;1.88;-8.505;VSS;VSS
M24;2.82;-8.505;VDDIO_MEM_S3;Sonstig2
M25;3.76;-8.505;VSS;VSS
M26;4.7;-8.505;VDDIO_MEM_S3;Sonstig2
M27;5.64;-8.505;VSS;VSS
M28;6.58;-8.505;VDDIO_MEM_S3;Sonstig2
M29;7.52;-8.505;VDDIO_MEM_S3;Sonstig2
M30;8.46;-8.505;VSS;VSS
M31;9.4;-8.505;MBA_CHECK[0];Speicher-A
M32;10.34;-8.505;VSS;VSS
M33;11.28;-8.505;VSS;VSS
M34;12.22;-8.505;MBA1_CS_L[1];Speicher-A
M35;13.16;-8.505;MBA0_CS_L[1];Speicher-A
M36;14.1;-8.505;VSS;VSS
M37;15.04;-8.505;MA_ALERT_L;Speicher-B
M38;15.98;-8.505;VSS;VSS
M39;16.92;-8.505;VSS;VSS
M40;17.86;-8.505;MAA1_CS_L[0];Speicher-B
N1;-18.8;-7.695;VSS;VSS
N2;-17.86;-7.695;PCIE_TXN[4];PCIe
N3;-16.92;-7.695;VSS;VSS
N4;-15.98;-7.695;VSS;VSS
N5;-15.04;-7.695;VSS;VSS
N6;-14.1;-7.695;PCIE_TXP[3];PCIe
N7;-13.16;-7.695;VSS;VSS
N8;-12.22;-7.695;VSS;VSS
N9;-11.28;-7.695;PCIE_RXP[1];PCIe
N10;-10.34;-7.695;VSS;VSS
N11;-9.4;-7.695;VDDCR_SOC;GPP-Takt
N12;-8.46;-7.695;VSS;VSS
N13;-7.52;-7.695;PCIE_RXP[0];PCIe
N14;-6.58;-7.695;PCIE_RXN[0];PCIe
N15;-5.64;-7.695;VDDCR_SOC;GPP-Takt
N16;-4.7;-7.695;VSS;VSS
N17;-3.76;-7.695;VDDCR_SOC;GPP-Takt
N18;-2.82;-7.695;VSS;VSS
N19;-1.88;-7.695;VDDIO_MEM_S3;Sonstig2
N20;-0.94;-7.695;VSS;VSS
N22;0.94;-7.695;VDDIO_MEM_S3_SENSE;Takt/Debug
N23;1.88;-7.695;VDDIO_MEM_S3;Sonstig2
N24;2.82;-7.695;VSS;VSS
N25;3.76;-7.695;VDDIO_MEM_S3;Sonstig2
N26;4.7;-7.695;VSS;VSS
N27;5.64;-7.695;VDDIO_MEM_S3;Sonstig2
N28;6.58;-7.695;VSS;VSS
N29;7.52;-7.695;TEST5;GPIO/SPI/SMBus
N30;8.46;-7.695;TEST4;GPIO/SPI/SMBus
N31;9.4;-7.695;VSS;VSS
N32;10.34;-7.695;MBA_CHECK[2];Speicher-A
N33;11.28;-7.695;VSS;VSS
N34;12.22;-7.695;MBA_CA[1];Speicher-A
N35;13.16;-7.695;VSS;VSS
N36;14.1;-7.695;MBA_CA[0];Speicher-A
N37;15.04;-7.695;VSS;VSS
N38;15.98;-7.695;VSS;VSS
N39;16.92;-7.695;MAA0_CS_L[0];Speicher-B
N40;17.86;-7.695;MAA0_CS_L[1];Speicher-B
N41;18.8;-7.695;VSS;VSS
P2;-17.86;-6.885;PCIE_TXP[4];PCIe
P3;-16.92;-6.885;VSS;VSS
P4;-15.98;-6.885;PCIE_TXN[5];PCIe
P5;-15.04;-6.885;VSS;VSS
P6;-14.1;-6.885;VSS;VSS
P7;-13.16;-6.885;VSS;VSS
P8;-12.22;-6.885;VSS;VSS
P9;-11.28;-6.885;PCIE_RXN[1];PCIe
P10;-10.34;-6.885;VDDCR_SOC;GPP-Takt
P11;-9.4;-6.885;PCIE_RXP[2];PCIe
P12;-8.46;-6.885;VDDCR_SOC;GPP-Takt
P13;-7.52;-6.885;VSS;VSS
P14;-6.58;-6.885;VDDCR_SOC;GPP-Takt
P15;-5.64;-6.885;VSS;VSS
P16;-4.7;-6.885;VDDCR_SOC;GPP-Takt
P17;-3.76;-6.885;VSS;VSS
P18;-2.82;-6.885;TEST47_1;GPIO/SPI/SMBus
P19;-1.88;-6.885;TEST19;GPIO/SPI/SMBus
P20;-0.94;-6.885;TEST18;GPIO/SPI/SMBus
P21;0.0;-6.885;VSS;VSS
P22;0.94;-6.885;VDDIO_MEM_S3;Sonstig2
P23;1.88;-6.885;VSS;VSS
P24;2.82;-6.885;VDDIO_MEM_S3;Sonstig2
P25;3.76;-6.885;VSS;VSS
P26;4.7;-6.885;VDDIO_MEM_S3;Sonstig2
P27;5.64;-6.885;VSS;VSS
P28;6.58;-6.885;VDDIO_MEM_S3;Sonstig2
P29;7.52;-6.885;TEST41;GPIO/SPI/SMBus
P30;8.46;-6.885;VSS;VSS
P31;9.4;-6.885;MBA_CHECK[1];Speicher-A
P32;10.34;-6.885;VSS;VSS
P33;11.28;-6.885;VSS;VSS
P34;12.22;-6.885;MBA_CA[3];Speicher-A
P35;13.16;-6.885;MBA_CA[2];Speicher-A
P36;14.1;-6.885;VSS;VSS
P37;15.04;-6.885;MAA1_CS_L[1];Speicher-B
P38;15.98;-6.885;MAA_CA[0];Speicher-B
P39;16.92;-6.885;VSS;VSS
P40;17.86;-6.885;MAA_CA[1];Speicher-B
R1;-18.8;-6.075;VSS;VSS
R2;-17.86;-6.075;VSS;VSS
R3;-16.92;-6.075;PCIE_TXP[5];PCIe
R4;-15.98;-6.075;VSS;VSS
R5;-15.04;-6.075;PCIE_TXN[6];PCIe
R6;-14.1;-6.075;VSS;VSS
R7;-13.16;-6.075;VDDCR;VDDCR
R8;-12.22;-6.075;VDDCR;VDDCR
R9;-11.28;-6.075;VDDCR;VDDCR
R10;-10.34;-6.075;PCIE_RXN[2];PCIe
R11;-9.4;-6.075;VDDCR;VDDCR
R12;-8.46;-6.075;PCIE_RXP[3];PCIe
R13;-7.52;-6.075;VDDCR;VDDCR
R14;-6.58;-6.075;VDDCR;VDDCR
R15;-5.64;-6.075;VDDCR;VDDCR
R16;-4.7;-6.075;VDDCR;VDDCR
R17;-3.76;-6.075;VDDCR;VDDCR
R18;-2.82;-6.075;VDDCR;VDDCR
R19;-1.88;-6.075;VDDCR;VDDCR
R20;-0.94;-6.075;VDDCR;VDDCR
R22;0.94;-6.075;VDDCR;VDDCR
R23;1.88;-6.075;VDDCR;VDDCR
R24;2.82;-6.075;VDDCR;VDDCR
R25;3.76;-6.075;VDDCR;VDDCR
R26;4.7;-6.075;VDDCR;VDDCR
R27;5.64;-6.075;VDDCR;VDDCR
R28;6.58;-6.075;VDDCR;VDDCR
R29;7.52;-6.075;TEST6;GPIO/SPI/SMBus
R30;8.46;-6.075;VSS;VSS
R31;9.4;-6.075;MBA_DQS_L[4];Speicher-A
R32;10.34;-6.075;MBA_CHECK[3];Speicher-A
R33;11.28;-6.075;VSS;VSS
R34;12.22;-6.075;MBA_CA[5];Speicher-A
R35;13.16;-6.075;VSS;VSS
R36;14.1;-6.075;MBA_CA[4];Speicher-A
R37;15.04;-6.075;VSS;VSS
R38;15.98;-6.075;VSS;VSS
R39;16.92;-6.075;MAA_CA[2];Speicher-B
R40;17.86;-6.075;MAA_CA[3];Speicher-B
R41;18.8;-6.075;VSS;VSS
T2;-17.86;-5.265;VSS;VSS
T3;-16.92;-5.265;VSS;VSS
T4;-15.98;-5.265;VSS;VSS
T5;-15.04;-5.265;PCIE_TXP[6];PCIe
T6;-14.1;-5.265;VSS;VSS
T7;-13.16;-5.265;PCIE_TXN[7];PCIe
T8;-12.22;-5.265;VDDCR;VDDCR
T9;-11.28;-5.265;VSS;VSS
T10;-10.34;-5.265;VDDCR;VDDCR
T11;-9.4;-5.265;VSS;VSS
T12;-8.46;-5.265;PCIE_RXN[3];PCIe
T13;-7.52;-5.265;VSS;VSS
T14;-6.58;-5.265;PCIE_RXN[4];PCIe
T15;-5.64;-5.265;VDDCR;VDDCR
T16;-4.7;-5.265;VSS;VSS
T17;-3.76;-5.265;VDDCR;VDDCR
T18;-2.82;-5.265;VSS;VSS
T19;-1.88;-5.265;VDDCR;VDDCR
T20;-0.94;-5.265;VSS;VSS
T21;0.0;-5.265;VDDCR;VDDCR
T22;0.94;-5.265;VSS;VSS
T23;1.88;-5.265;VDDCR;VDDCR
T24;2.82;-5.265;VSS;VSS
T25;3.76;-5.265;VDDCR;VDDCR
T26;4.7;-5.265;VSS;VSS
T27;5.64;-5.265;VDDCR;VDDCR
T28;6.58;-5.265;VDDCR;VDDCR
T29;7.52;-5.265;VSS;VSS
T30;8.46;-5.265;MBA_DQS_H[4];Speicher-A
T31;9.4;-5.265;VSS;VSS
T32;10.34;-5.265;VSS;VSS
T33;11.28;-5.265;VSS;VSS
T34;12.22;-5.265;MBA_CA[7];Speicher-A
T35;13.16;-5.265;MBA_CA[6];Speicher-A
T36;14.1;-5.265;VSS;VSS
T37;15.04;-5.265;MAA_CA[4];Speicher-B
T38;15.98;-5.265;MAA_CA[5];Speicher-B
T39;16.92;-5.265;VSS;VSS
T40;17.86;-5.265;MAA_CA[6];Speicher-B
U1;-18.8;-4.455;VSS;VSS
U2;-17.86;-4.455;PCIE_TXN[8];PCIe
U3;-16.92;-4.455;VSS;VSS
U4;-15.98;-4.455;VSS;VSS
U5;-15.04;-4.455;VSS;VSS
U6;-14.1;-4.455;PCIE_TXP[7];PCIe
U7;-13.16;-4.455;VDDCR;VDDCR
U8;-12.22;-4.455;VDDCR;VDDCR
U9;-11.28;-4.455;PCIE_RXN[5];PCIe
U10;-10.34;-4.455;VSS;VSS
U11;-9.4;-4.455;VDDCR;VDDCR
U12;-8.46;-4.455;VSS;VSS
U13;-7.52;-4.455;PCIE_RXP[4];PCIe
U14;-6.58;-4.455;VDDCR;VDDCR
U15;-5.64;-4.455;VSS;VSS
U16;-4.7;-4.455;VDDCR;VDDCR
U17;-3.76;-4.455;VSS;VSS
U18;-2.82;-4.455;VDDCR;VDDCR
U19;-1.88;-4.455;VSS;VSS
U20;-0.94;-4.455;VDDCR;VDDCR
U22;0.94;-4.455;VDDCR;VDDCR
U23;1.88;-4.455;VSS;VSS
U24;2.82;-4.455;VDDCR;VDDCR
U25;3.76;-4.455;VSS;VSS
U26;4.7;-4.455;VDDCR;VDDCR
U27;5.64;-4.455;VSS;VSS
U28;6.58;-4.455;VDDCR;VDDCR
U29;7.52;-4.455;VDDCR;VDDCR
U30;8.46;-4.455;VSS;VSS
U31;9.4;-4.455;VSS;VSS
U32;10.34;-4.455;MAA_CHECK[0];Speicher-B
U33;11.28;-4.455;VSS;VSS
U34;12.22;-4.455;MBA_CA[9];Speicher-A
U35;13.16;-4.455;VSS;VSS
U36;14.1;-4.455;MBA_CA[8];Speicher-A
U37;15.04;-4.455;VSS;VSS
U38;15.98;-4.455;VSS;VSS
U39;16.92;-4.455;MAA_CA[7];Speicher-B
U40;17.86;-4.455;MAA_CA[8];Speicher-B
U41;18.8;-4.455;VSS;VSS
V2;-17.86;-3.645;PCIE_TXP[8];PCIe
V3;-16.92;-3.645;VSS;VSS
V4;-15.98;-3.645;PCIE_TXN[9];PCIe
V5;-15.04;-3.645;VSS;VSS
V6;-14.1;-3.645;VSS;VSS
V7;-13.16;-3.645;VDDCR;VDDCR
V8;-12.22;-3.645;VDDCR;VDDCR
V9;-11.28;-3.645;PCIE_RXP[5];PCIe
V10;-10.34;-3.645;VSS;VSS
V11;-9.4;-3.645;PCIE_RXN[6];PCIe
V12;-8.46;-3.645;VSS;VSS
V13;-7.52;-3.645;VDDCR;VDDCR
V14;-6.58;-3.645;VSS;VSS
V15;-5.64;-3.645;VDDCR;VDDCR
V16;-4.7;-3.645;VSS;VSS
V17;-3.76;-3.645;VDDCR;VDDCR
V18;-2.82;-3.645;VSS;VSS
V19;-1.88;-3.645;VDDCR;VDDCR
V20;-0.94;-3.645;VSS;VSS
V21;0.0;-3.645;VDDCR;VDDCR
V22;0.94;-3.645;VSS;VSS
V23;1.88;-3.645;VDDCR;VDDCR
V24;2.82;-3.645;VSS;VSS
V25;3.76;-3.645;VDDCR;VDDCR
V26;4.7;-3.645;VSS;VSS
V27;5.64;-3.645;VDDCR;VDDCR
V28;6.58;-3.645;VSS;VSS
V29;7.52;-3.645;VDDCR;VDDCR
V30;8.46;-3.645;VSS;VSS
V31;9.4;-3.645;MAA_CHECK[2];Speicher-B
V32;10.34;-3.645;VSS;VSS
V33;11.28;-3.645;VSS;VSS
V34;12.22;-3.645;MBA_CA[11];Speicher-A
V35;13.16;-3.645;MBA_CA[10];Speicher-A
V36;14.1;-3.645;VSS;VSS
V37;15.04;-3.645;MAA_CA[9];Speicher-B
V38;15.98;-3.645;MAA_CA[10];Speicher-B
V39;16.92;-3.645;VSS;VSS
V40;17.86;-3.645;MAA_CA[11];Speicher-B
W1;-18.8;-2.835;VSS;VSS
W2;-17.86;-2.835;VSS;VSS
W3;-16.92;-2.835;PCIE_TXP[9];PCIe
W4;-15.98;-2.835;VSS;VSS
W5;-15.04;-2.835;PCIE_TXN[10];PCIe
W6;-14.1;-2.835;VSS;VSS
W7;-13.16;-2.835;VDDCR;VDDCR
W8;-12.22;-2.835;VDDCR;VDDCR
W9;-11.28;-2.835;VSS;VSS
W10;-10.34;-2.835;PCIE_RXP[6];PCIe
W11;-9.4;-2.835;VDDCR;VDDCR
W12;-8.46;-2.835;PCIE_RXN[7];PCIe
W13;-7.52;-2.835;VSS;VSS
W14;-6.58;-2.835;VDDCR;VDDCR
W15;-5.64;-2.835;VSS;VSS
W16;-4.7;-2.835;VDDCR;VDDCR
W17;-3.76;-2.835;VSS;VSS
W18;-2.82;-2.835;VDDCR;VDDCR
W19;-1.88;-2.835;VSS;VSS
W20;-0.94;-2.835;VDDCR;VDDCR
W22;0.94;-2.835;VDDCR;VDDCR
W23;1.88;-2.835;VSS;VSS
W24;2.82;-2.835;VDDCR;VDDCR
W25;3.76;-2.835;VSS;VSS
W26;4.7;-2.835;VDDCR;VDDCR
W27;5.64;-2.835;VSS;VSS
W28;6.58;-2.835;VDDCR;VDDCR
W29;7.52;-2.835;VSS;VSS
W30;8.46;-2.835;VDDCR;VDDCR
W31;9.4;-2.835;VSS;VSS
W32;10.34;-2.835;MAA_CHECK[1];Speicher-B
W33;11.28;-2.835;VSS;VSS
W34;12.22;-2.835;MBA_CA[13];Speicher-A
W35;13.16;-2.835;VSS;VSS
W36;14.1;-2.835;MBA_CA[12];Speicher-A
W37;15.04;-2.835;VSS;VSS
W38;15.98;-2.835;VSS;VSS
W39;16.92;-2.835;MAA_CA[12];Speicher-B
W40;17.86;-2.835;MAA0_CLK_H[0];Speicher-B
W41;18.8;-2.835;VSS;VSS
Y2;-17.86;-2.025;VSS;VSS
Y3;-16.92;-2.025;VSS;VSS
Y4;-15.98;-2.025;VSS;VSS
Y5;-15.04;-2.025;PCIE_TXP[10];PCIe
Y6;-14.1;-2.025;VSS;VSS
Y7;-13.16;-2.025;PCIE_TXN[11];PCIe
Y8;-12.22;-2.025;VDDCR;VDDCR
Y9;-11.28;-2.025;VSS;VSS
Y10;-10.34;-2.025;VDDCR;VDDCR
Y11;-9.4;-2.025;VSS;VSS
Y12;-8.46;-2.025;PCIE_RXP[7];PCIe
Y13;-7.52;-2.025;VDDCR;VDDCR
Y14;-6.58;-2.025;PCIE_RXN[8];PCIe
Y15;-5.64;-2.025;VDDCR;VDDCR
Y16;-4.7;-2.025;VSS;VSS
Y17;-3.76;-2.025;VDDCR;VDDCR
Y18;-2.82;-2.025;VSS;VSS
Y19;-1.88;-2.025;VDDCR;VDDCR
Y20;-0.94;-2.025;VSS;VSS
Y21;0.0;-2.025;VDDCR;VDDCR
Y22;0.94;-2.025;VSS;VSS
Y23;1.88;-2.025;VDDCR;VDDCR
Y24;2.82;-2.025;VSS;VSS
Y25;3.76;-2.025;VDDCR;VDDCR
Y26;4.7;-2.025;VSS;VSS
Y27;5.64;-2.025;VDDCR;VDDCR
Y28;6.58;-2.025;VSS;VSS
Y29;7.52;-2.025;VDDCR;VDDCR
Y30;8.46;-2.025;VSS;VSS
Y31;9.4;-2.025;MAA_CHECK[3];Speicher-B
Y32;10.34;-2.025;VSS;VSS
Y33;11.28;-2.025;VSS;VSS
Y34;12.22;-2.025;MBA0_CLK_L[0];Speicher-A
Y35;13.16;-2.025;MBA0_CLK_H[0];Speicher-A
Y36;14.1;-2.025;VSS;VSS
Y37;15.04;-2.025;MAA_CA[13];Speicher-B
Y38;15.98;-2.025;MAA0_CLK_H[1];Speicher-B
Y39;16.92;-2.025;VSS;VSS
Y40;17.86;-2.025;MAA0_CLK_L[0];Speicher-B
AA1;-18.8;-1.215;VSS;VSS
AA2;-17.86;-1.215;PCIE_TXP[12];PCIe
AA3;-16.92;-1.215;PCIE_TXN[12];PCIe
AA4;-15.98;-1.215;VSS;VSS
AA5;-15.04;-1.215;VSS;VSS
AA6;-14.1;-1.215;PCIE_TXP[11];PCIe
AA7;-13.16;-1.215;VDDCR;VDDCR
AA8;-12.22;-1.215;VDDCR;VDDCR
AA9;-11.28;-1.215;PCIE_RXN[9];PCIe
AA10;-10.34;-1.215;VDDCR;VDDCR
AA11;-9.4;-1.215;VSS;VSS
AA12;-8.46;-1.215;VDDCR;VDDCR
AA13;-7.52;-1.215;PCIE_RXP[8];PCIe
AA14;-6.58;-1.215;VDDCR;VDDCR
AA15;-5.64;-1.215;VSS;VSS
AA16;-4.7;-1.215;VDDCR;VDDCR
AA17;-3.76;-1.215;VSS;VSS
AA18;-2.82;-1.215;VDDCR;VDDCR
AA19;-1.88;-1.215;VSS;VSS
AA20;-0.94;-1.215;VDDCR;VDDCR
AA22;0.94;-1.215;VDDCR;VDDCR
AA23;1.88;-1.215;VSS;VSS
AA24;2.82;-1.215;VDDCR;VDDCR
AA25;3.76;-1.215;VSS;VSS
AA26;4.7;-1.215;VDDCR;VDDCR
AA27;5.64;-1.215;VSS;VSS
AA28;6.58;-1.215;VDDCR;VDDCR
AA29;7.52;-1.215;VDDCR;VDDCR
AA30;8.46;-1.215;VSS;VSS
AA31;9.4;-1.215;MAA_DQS_L[4];Speicher-B
AA32;10.34;-1.215;VSS;VSS
AA33;11.28;-1.215;MBA1_CLK_H[1];Speicher-A
AA34;12.22;-1.215;MBA1_CLK_L[0];Speicher-A
AA35;13.16;-1.215;VSS;VSS
AA36;14.1;-1.215;MBA0_CLK_H[1];Speicher-A
AA37;15.04;-1.215;VSS;VSS
AA38;15.98;-1.215;VSS;VSS
AA39;16.92;-1.215;MAA0_CLK_L[1];Speicher-B
AA40;17.86;-1.215;MAA1_CLK_H[0];Speicher-B
AA41;18.8;-1.215;VSS;VSS
AB2;-17.86;-0.405;VSS;VSS
AB3;-16.92;-0.405;VSS;VSS
AB4;-15.98;-0.405;VSS;VSS
AB5;-15.04;-0.405;VSS;VSS
AB6;-14.1;-0.405;VSS;VSS
AB7;-13.16;-0.405;VDDCR;VDDCR
AB8;-12.22;-0.405;VDDCR;VDDCR
AB9;-11.28;-0.405;PCIE_RXP[9];PCIe
AB10;-10.34;-0.405;VSS;VSS
AB11;-9.4;-0.405;PCIE_RXN[10];PCIe
AB12;-8.46;-0.405;PCIE_RXP[10];PCIe
AB13;-7.52;-0.405;VDDCR;VDDCR
AB14;-6.58;-0.405;VSS;VSS
AB15;-5.64;-0.405;VDDCR;VDDCR
AB16;-4.7;-0.405;VSS;VSS
AB17;-3.76;-0.405;VDDCR;VDDCR
AB18;-2.82;-0.405;VSS;VSS
AB19;-1.88;-0.405;VDDCR;VDDCR
AB20;-0.94;-0.405;VSS;VSS
AB21;0.0;-0.405;VDDCR;VDDCR
AB22;0.94;-0.405;VSS;VSS
AB23;1.88;-0.405;VDDCR;VDDCR
AB24;2.82;-0.405;VSS;VSS
AB25;3.76;-0.405;VDDCR;VDDCR
AB26;4.7;-0.405;VSS;VSS
AB27;5.64;-0.405;VDDCR;VDDCR
AB28;6.58;-0.405;VSS;VSS
AB29;7.52;-0.405;VSS;VSS
AB30;8.46;-0.405;MAA_DQS_H[4];Speicher-B
AB31;9.4;-0.405;VSS;VSS
AB32;10.34;-0.405;MBA1_CLK_L[1];Speicher-A
AB33;11.28;-0.405;VSS;VSS
AB34;12.22;-0.405;MBA1_CLK_H[0];Speicher-A
AB35;13.16;-0.405;MBA0_CLK_L[1];Speicher-A
AB36;14.1;-0.405;VSS;VSS
AB37;15.04;-0.405;MAA1_CLK_L[1];Speicher-B
AB38;15.98;-0.405;MAA1_CLK_H[1];Speicher-B
AB39;16.92;-0.405;VSS;VSS
AB40;17.86;-0.405;MAA1_CLK_L[0];Speicher-B
AC2;-17.86;0.405;PCIE_TXN[14];PCIe
AC3;-16.92;0.405;VSS;VSS
AC4;-15.98;0.405;PCIE_TXN[13];PCIe
AC5;-15.04;0.405;PCIE_TXP[13];PCIe
AC6;-14.1;0.405;VSS;VSS
AC7;-13.16;0.405;VDDCR;VDDCR
AC8;-12.22;0.405;VDDCR;VDDCR
AC9;-11.28;0.405;VSS;VSS
AC10;-10.34;0.405;VDDCR;VDDCR
AC11;-9.4;0.405;VSS;VSS
AC12;-8.46;0.405;VDDCR;VDDCR
AC13;-7.52;0.405;VSS;VSS
AC14;-6.58;0.405;VDDCR;VDDCR
AC15;-5.64;0.405;PCIE_RXN[11];PCIe
AC16;-4.7;0.405;PCIE_RXP[11];PCIe
AC17;-3.76;0.405;VSS;VSS
AC18;-2.82;0.405;VDDCR;VDDCR
AC19;-1.88;0.405;VSS;VSS
AC20;-0.94;0.405;VDDCR;VDDCR
AC21;0.0;0.405;VSS;VSS
AC22;0.94;0.405;VDDCR;VDDCR
AC23;1.88;0.405;VSS;VSS
AC24;2.82;0.405;VDDCR;VDDCR
AC25;3.76;0.405;VSS;VSS
AC26;4.7;0.405;VDDCR;VDDCR
AC27;5.64;0.405;VSS;VSS
AC28;6.58;0.405;VDDCR;VDDCR
AC29;7.52;0.405;VSS;VSS
AC30;8.46;0.405;MAB_DQS_L[4];Speicher-B
AC31;9.4;0.405;VSS;VSS
AC32;10.34;0.405;MBB1_CLK_H[1];Speicher-A
AC33;11.28;0.405;VSS;VSS
AC34;12.22;0.405;MBB1_CLK_L[0];Speicher-A
AC35;13.16;0.405;MBB0_CLK_H[1];Speicher-A
AC36;14.1;0.405;VSS;VSS
AC37;15.04;0.405;MAB1_CLK_H[1];Speicher-B
AC38;15.98;0.405;MAB1_CLK_L[1];Speicher-B
AC39;16.92;0.405;VSS;VSS
AC40;17.86;0.405;MAB1_CLK_H[0];Speicher-B
AD1;-18.8;1.215;VSS;VSS
AD2;-17.86;1.215;PCIE_TXP[14];PCIe
AD3;-16.92;1.215;VSS;VSS
AD4;-15.98;1.215;VSS;VSS
AD5;-15.04;1.215;VSS;VSS
AD6;-14.1;1.215;PCIE_TXP[15];PCIe
AD7;-13.16;1.215;VDDCR;VDDCR
AD8;-12.22;1.215;VDDCR;VDDCR
AD9;-11.28;1.215;PCIE_RXN[12];PCIe
AD10;-10.34;1.215;PCIE_RXP[12];PCIe
AD11;-9.4;1.215;VDDCR;VDDCR
AD12;-8.46;1.215;VSS;VSS
AD13;-7.52;1.215;PCIE_RXN[13];PCIe
AD14;-6.58;1.215;VSS;VSS
AD15;-5.64;1.215;VDDCR;VDDCR
AD16;-4.7;1.215;VSS;VSS
AD17;-3.76;1.215;VDDCR;VDDCR
AD18;-2.82;1.215;VSS;VSS
AD19;-1.88;1.215;VDDCR;VDDCR
AD20;-0.94;1.215;VSS;VSS
AD22;0.94;1.215;VSS;VSS
AD23;1.88;1.215;VDDCR;VDDCR
AD24;2.82;1.215;VSS;VSS
AD25;3.76;1.215;VDDCR;VDDCR
AD26;4.7;1.215;VSS;VSS
AD27;5.64;1.215;VDDCR;VDDCR
AD28;6.58;1.215;VSS;VSS
AD29;7.52;1.215;VDDCR;VDDCR
AD30;8.46;1.215;VSS;VSS
AD31;9.4;1.215;MAB_DQS_H[4];Speicher-B
AD32;10.34;1.215;VSS;VSS
AD33;11.28;1.215;MBB1_CLK_L[1];Speicher-A
AD34;12.22;1.215;MBB1_CLK_H[0];Speicher-A
AD35;13.16;1.215;VSS;VSS
AD36;14.1;1.215;MBB0_CLK_L[1];Speicher-A
AD37;15.04;1.215;VSS;VSS
AD38;15.98;1.215;VSS;VSS
AD39;16.92;1.215;MAB0_CLK_H[1];Speicher-B
AD40;17.86;1.215;MAB1_CLK_L[0];Speicher-B
AD41;18.8;1.215;VSS;VSS
AE2;-17.86;2.025;VSS;VSS
AE3;-16.92;2.025;VSS;VSS
AE4;-15.98;2.025;VSS;VSS
AE5;-15.04;2.025;PCIE_TXP[16];PCIe
AE6;-14.1;2.025;VSS;VSS
AE7;-13.16;2.025;PCIE_TXN[15];PCIe
AE8;-12.22;2.025;VDDCR;VDDCR
AE9;-11.28;2.025;VSS;VSS
AE10;-10.34;2.025;VDDCR;VDDCR
AE11;-9.4;2.025;VSS;VSS
AE12;-8.46;2.025;PCIE_RXN[14];PCIe
AE13;-7.52;2.025;VSS;VSS
AE14;-6.58;2.025;PCIE_RXP[13];PCIe
AE15;-5.64;2.025;VSS;VSS
AE16;-4.7;2.025;VDDCR;VDDCR
AE17;-3.76;2.025;VSS;VSS
AE18;-2.82;2.025;VDDCR;VDDCR
AE19;-1.88;2.025;VSS;VSS
AE20;-0.94;2.025;VDDCR;VDDCR
AE21;0.0;2.025;VSS;VSS
AE22;0.94;2.025;VDDCR;VDDCR
AE23;1.88;2.025;VSS;VSS
AE24;2.82;2.025;VDDCR;VDDCR
AE25;3.76;2.025;VSS;VSS
AE26;4.7;2.025;VDDCR;VDDCR
AE27;5.64;2.025;VSS;VSS
AE28;6.58;2.025;VDDCR;VDDCR
AE29;7.52;2.025;VDDCR;VDDCR
AE30;8.46;2.025;VSS;VSS
AE31;9.4;2.025;MAB_CHECK[0];Speicher-B
AE32;10.34;2.025;VSS;VSS
AE33;11.28;2.025;VSS;VSS
AE34;12.22;2.025;MBB0_CLK_H[0];Speicher-A
AE35;13.16;2.025;MBB0_CLK_L[0];Speicher-A
AE36;14.1;2.025;VSS;VSS
AE37;15.04;2.025;MAB_CA[13];Speicher-B
AE38;15.98;2.025;MAB0_CLK_L[1];Speicher-B
AE39;16.92;2.025;VSS;VSS
AE40;17.86;2.025;MAB0_CLK_H[0];Speicher-B
AF1;-18.8;2.835;VSS;VSS
AF2;-17.86;2.835;VSS;VSS
AF3;-16.92;2.835;PCIE_TXN[17];PCIe
AF4;-15.98;2.835;VSS;VSS
AF5;-15.04;2.835;PCIE_TXN[16];PCIe
AF6;-14.1;2.835;VSS;VSS
AF7;-13.16;2.835;VDDCR;VDDCR
AF8;-12.22;2.835;VDDCR;VDDCR
AF9;-11.28;2.835;VSS;VSS
AF10;-10.34;2.835;PCIE_RXN[15];PCIe
AF11;-9.4;2.835;VDDCR;VDDCR
AF12;-8.46;2.835;PCIE_RXP[14];PCIe
AF13;-7.52;2.835;VDDCR;VDDCR
AF14;-6.58;2.835;VSS;VSS
AF15;-5.64;2.835;VDDCR;VDDCR
AF16;-4.7;2.835;VSS;VSS
AF17;-3.76;2.835;VDDCR;VDDCR
AF18;-2.82;2.835;VSS;VSS
AF19;-1.88;2.835;VDDCR;VDDCR
AF20;-0.94;2.835;VSS;VSS
AF22;0.94;2.835;VSS;VSS
AF23;1.88;2.835;VDDCR;VDDCR
AF24;2.82;2.835;VSS;VSS
AF25;3.76;2.835;VDDCR;VDDCR
AF26;4.7;2.835;VSS;VSS
AF27;5.64;2.835;VDDCR;VDDCR
AF28;6.58;2.835;VSS;VSS
AF29;7.52;2.835;VSS;VSS
AF30;8.46;2.835;VDDCR;VDDCR
AF31;9.4;2.835;VSS;VSS
AF32;10.34;2.835;MAB_CHECK[2];Speicher-B
AF33;11.28;2.835;VSS;VSS
AF34;12.22;2.835;MBB_CA[13];Speicher-A
AF35;13.16;2.835;VSS;VSS
AF36;14.1;2.835;MBB_CA[12];Speicher-A
AF37;15.04;2.835;VSS;VSS
AF38;15.98;2.835;VSS;VSS
AF39;16.92;2.835;MAB_CA[12];Speicher-B
AF40;17.86;2.835;MAB0_CLK_L[0];Speicher-B
AF41;18.8;2.835;VSS;VSS
AG2;-17.86;3.645;PCIE_TXP[18];PCIe
AG3;-16.92;3.645;VSS;VSS
AG4;-15.98;3.645;PCIE_TXP[17];PCIe
AG5;-15.04;3.645;VSS;VSS
AG6;-14.1;3.645;VSS;VSS
AG7;-13.16;3.645;VDDCR;VDDCR
AG8;-12.22;3.645;VDDCR;VDDCR
AG9;-11.28;3.645;PCIE_RXN[16];PCIe
AG10;-10.34;3.645;VSS;VSS
AG11;-9.4;3.645;PCIE_RXP[15];PCIe
AG12;-8.46;3.645;VDDCR;VDDCR
AG13;-7.52;3.645;VSS;VSS
AG14;-6.58;3.645;VDDCR;VDDCR
AG15;-5.64;3.645;VSS;VSS
AG16;-4.7;3.645;VDDCR;VDDCR
AG17;-3.76;3.645;VSS;VSS
AG18;-2.82;3.645;VDDCR;VDDCR
AG19;-1.88;3.645;VSS;VSS
AG20;-0.94;3.645;VDDCR;VDDCR
AG21;0.0;3.645;VSS;VSS
AG22;0.94;3.645;VDDCR;VDDCR
AG23;1.88;3.645;VSS;VSS
AG24;2.82;3.645;VDDCR;VDDCR
AG25;3.76;3.645;VSS;VSS
AG26;4.7;3.645;VDDCR;VDDCR
AG27;5.64;3.645;VSS;VSS
AG28;6.58;3.645;VDDCR;VDDCR
AG29;7.52;3.645;VDDCR;VDDCR
AG30;8.46;3.645;VSS;VSS
AG31;9.4;3.645;MAB_CHECK[1];Speicher-B
AG32;10.34;3.645;VSS;VSS
AG33;11.28;3.645;VSS;VSS
AG34;12.22;3.645;MBB_CA[11];Speicher-A
AG35;13.16;3.645;MBB_CA[10];Speicher-A
AG36;14.1;3.645;VSS;VSS
AG37;15.04;3.645;MAB_CA[9];Speicher-B
AG38;15.98;3.645;MAB_CA[10];Speicher-B
AG39;16.92;3.645;VSS;VSS
AG40;17.86;3.645;MAB_CA[11];Speicher-B
AH1;-18.8;4.455;VSS;VSS
AH2;-17.86;4.455;PCIE_TXN[18];PCIe
AH3;-16.92;4.455;VSS;VSS
AH4;-15.98;4.455;VSS;VSS
AH5;-15.04;4.455;VSS;VSS
AH6;-14.1;4.455;PCIE_TXN[19];PCIe
AH7;-13.16;4.455;VDDCR;VDDCR
AH8;-12.22;4.455;VDDCR;VDDCR
AH9;-11.28;4.455;PCIE_RXP[16];PCIe
AH10;-10.34;4.455;VDDCR;VDDCR
AH11;-9.4;4.455;VSS;VSS
AH12;-8.46;4.455;VSS;VSS
AH13;-7.52;4.455;PCIE_RXN[17];PCIe
AH14;-6.58;4.455;VSS;VSS
AH15;-5.64;4.455;VDDCR;VDDCR
AH16;-4.7;4.455;VSS;VSS
AH17;-3.76;4.455;VDDCR;VDDCR
AH18;-2.82;4.455;VSS;VSS
AH19;-1.88;4.455;VDDCR;VDDCR
AH20;-0.94;4.455;VSS;VSS
AH22;0.94;4.455;VSS;VSS
AH23;1.88;4.455;VDDCR;VDDCR
AH24;2.82;4.455;VSS;VSS
AH25;3.76;4.455;VDDCR;VDDCR
AH26;4.7;4.455;VSS;VSS
AH27;5.64;4.455;VDDCR;VDDCR
AH28;6.58;4.455;VSS;VSS
AH29;7.52;4.455;VDDCR;VDDCR
AH30;8.46;4.455;VSS;VSS
AH31;9.4;4.455;VSS;VSS
AH32;10.34;4.455;MAB_CHECK[3];Speicher-B
AH33;11.28;4.455;VSS;VSS
AH34;12.22;4.455;MBB_CA[9];Speicher-A
AH35;13.16;4.455;VSS;VSS
AH36;14.1;4.455;MBB_CA[8];Speicher-A
AH37;15.04;4.455;VSS;VSS
AH38;15.98;4.455;VSS;VSS
AH39;16.92;4.455;MAB_CA[7];Speicher-B
AH40;17.86;4.455;MAB_CA[8];Speicher-B
AH41;18.8;4.455;VSS;VSS
AJ2;-17.86;5.265;VSS;VSS
AJ3;-16.92;5.265;VSS;VSS
AJ4;-15.98;5.265;VSS;VSS
AJ5;-15.04;5.265;PCIE_TXP[20];PCIe
AJ6;-14.1;5.265;VSS;VSS
AJ7;-13.16;5.265;PCIE_TXP[19];PCIe
AJ8;-12.22;5.265;VDDCR;VDDCR
AJ9;-11.28;5.265;VSS;VSS
AJ10;-10.34;5.265;VSS;VSS
AJ11;-9.4;5.265;VDDCR;VDDCR
AJ12;-8.46;5.265;PCIE_RXN[18];PCIe
AJ13;-7.52;5.265;VSS;VSS
AJ14;-6.58;5.265;PCIE_RXP[17];PCIe
AJ15;-5.64;5.265;VSS;VSS
AJ16;-4.7;5.265;PCIE_RXN[24];PCIe
AJ17;-3.76;5.265;PCIE_RXP[24];PCIe
AJ18;-2.82;5.265;VDDCR;VDDCR
AJ19;-1.88;5.265;VSS;VSS
AJ20;-0.94;5.265;VDDCR;VDDCR
AJ21;0.0;5.265;VSS;VSS
AJ22;0.94;5.265;VDDCR;VDDCR
AJ23;1.88;5.265;VSS;VSS
AJ24;2.82;5.265;VDDCR;VDDCR
AJ25;3.76;5.265;VSS;VSS
AJ26;4.7;5.265;VDDCR;VDDCR
AJ27;5.64;5.265;VSS;VSS
AJ28;6.58;5.265;VDDCR;VDDCR
AJ29;7.52;5.265;VSS;VSS
AJ30;8.46;5.265;MBB_DQS_L[4];Speicher-A
AJ31;9.4;5.265;VSS;VSS
AJ32;10.34;5.265;VSS;VSS
AJ33;11.28;5.265;VSS;VSS
AJ34;12.22;5.265;MBB_CA[7];Speicher-A
AJ35;13.16;5.265;MBB_CA[6];Speicher-A
AJ36;14.1;5.265;VSS;VSS
AJ37;15.04;5.265;MAB_CA[4];Speicher-B
AJ38;15.98;5.265;MAB_CA[5];Speicher-B
AJ39;16.92;5.265;VSS;VSS
AJ40;17.86;5.265;MAB_CA[6];Speicher-B
AK1;-18.8;6.075;VSS;VSS
AK2;-17.86;6.075;VSS;VSS
AK3;-16.92;6.075;PCIE_TXN[21];PCIe
AK4;-15.98;6.075;VSS;VSS
AK5;-15.04;6.075;PCIE_TXN[20];PCIe
AK6;-14.1;6.075;VSS;VSS
AK7;-13.16;6.075;VDDCR;VDDCR
AK8;-12.22;6.075;VDDCR;VDDCR
AK9;-11.28;6.075;VSS;VSS
AK10;-10.34;6.075;PCIE_RXN[19];PCIe
AK11;-9.4;6.075;VSS;VSS
AK12;-8.46;6.075;PCIE_RXP[18];PCIe
AK13;-7.52;6.075;VDDCR;VDDCR
AK14;-6.58;6.075;VSS;VSS
AK15;-5.64;6.075;VDDCR;VDDCR
AK16;-4.7;6.075;VSS;VSS
AK17;-3.76;6.075;VDDCR;VDDCR
AK18;-2.82;6.075;VSS;VSS
AK19;-1.88;6.075;VDDCR;VDDCR
AK20;-0.94;6.075;VSS;VSS
AK22;0.94;6.075;VSS;VSS
AK23;1.88;6.075;VDDCR;VDDCR
AK24;2.82;6.075;VSS;VSS
AK25;3.76;6.075;VDDCR;VDDCR
AK26;4.7;6.075;VSS;VSS
AK27;5.64;6.075;VDDCR;VDDCR
AK28;6.58;6.075;VSS;VSS
AK29;7.52;6.075;TEST40A;GPIO/SPI/SMBus
AK30;8.46;6.075;VSS;VSS
AK31;9.4;6.075;MBB_DQS_H[4];Speicher-A
AK32;10.34;6.075;MBB_CHECK[0];Speicher-A
AK33;11.28;6.075;VSS;VSS
AK34;12.22;6.075;MBB_CA[5];Speicher-A
AK35;13.16;6.075;VSS;VSS
AK36;14.1;6.075;MBB_CA[4];Speicher-A
AK37;15.04;6.075;VSS;VSS
AK38;15.98;6.075;VSS;VSS
AK39;16.92;6.075;MAB_CA[2];Speicher-B
AK40;17.86;6.075;MAB_CA[3];Speicher-B
AK41;18.8;6.075;VSS;VSS
AL2;-17.86;6.885;PCIE_TXP[22];PCIe
AL3;-16.92;6.885;VSS;VSS
AL4;-15.98;6.885;PCIE_TXP[21];PCIe
AL5;-15.04;6.885;VSS;VSS
AL6;-14.1;6.885;VSS;VSS
AL7;-13.16;6.885;VDDCR;VDDCR
AL8;-12.22;6.885;VDDCR;VDDCR
AL9;-11.28;6.885;PCIE_RXN[20];PCIe
AL10;-10.34;6.885;VSS;VSS
AL11;-9.4;6.885;PCIE_RXP[19];PCIe
AL12;-8.46;6.885;VDDCR;VDDCR
AL13;-7.52;6.885;VSS;VSS
AL14;-6.58;6.885;VDDCR;VDDCR
AL15;-5.64;6.885;VSS;VSS
AL16;-4.7;6.885;PCIE_RXN[25];PCIe
AL17;-3.76;6.885;PCIE_RXP[25];PCIe
AL18;-2.82;6.885;VDDCR;VDDCR
AL19;-1.88;6.885;VSS;VSS
AL20;-0.94;6.885;VDDCR;VDDCR
AL21;0.0;6.885;VSS;VSS
AL22;0.94;6.885;VDDCR;VDDCR
AL23;1.88;6.885;VSS;VSS
AL24;2.82;6.885;VDDCR;VDDCR
AL25;3.76;6.885;VSS;VSS
AL26;4.7;6.885;VDDCR;VDDCR
AL27;5.64;6.885;VSS;VSS
AL28;6.58;6.885;VDDCR;VDDCR
AL29;7.52;6.885;TEST40B;GPIO/SPI/SMBus
AL30;8.46;6.885;VSS;VSS
AL31;9.4;6.885;MBB_CHECK[2];Speicher-A
AL32;10.34;6.885;VSS;VSS
AL33;11.28;6.885;VSS;VSS
AL34;12.22;6.885;MBB_CA[3];Speicher-A
AL35;13.16;6.885;MBB_CA[2];Speicher-A
AL36;14.1;6.885;VSS;VSS
AL37;15.04;6.885;MAB1_CS_L[1];Speicher-B
AL38;15.98;6.885;MAB_CA[0];Speicher-B
AL39;16.92;6.885;VSS;VSS
AL40;17.86;6.885;MAB_CA[1];Speicher-B
AM1;-18.8;7.695;VSS;VSS
AM2;-17.86;7.695;PCIE_TXN[22];PCIe
AM3;-16.92;7.695;VSS;VSS
AM4;-15.98;7.695;VSS;VSS
AM5;-15.04;7.695;VSS;VSS
AM6;-14.1;7.695;PCIE_TXN[23];PCIe
AM7;-13.16;7.695;VDDCR;VDDCR
AM8;-12.22;7.695;VDDCR;VDDCR
AM9;-11.28;7.695;PCIE_RXP[20];PCIe
AM10;-10.34;7.695;VDDCR;VDDCR
AM11;-9.4;7.695;VSS;VSS
AM12;-8.46;7.695;VDDCR;VDDCR
AM13;-7.52;7.695;PCIE_RXN[21];PCIe
AM14;-6.58;7.695;VSS;VSS
AM15;-5.64;7.695;VDDCR;VDDCR
AM16;-4.7;7.695;VSS;VSS
AM17;-3.76;7.695;VDDCR;VDDCR
AM18;-2.82;7.695;VSS;VSS
AM19;-1.88;7.695;VDDCR;VDDCR
AM20;-0.94;7.695;VSS;VSS
AM22;0.94;7.695;VSS;VSS
AM23;1.88;7.695;VDDCR;VDDCR
AM24;2.82;7.695;VSS;VSS
AM25;3.76;7.695;VDDCR;VDDCR
AM26;4.7;7.695;VSS;VSS
AM27;5.64;7.695;VDDCR;VDDCR
AM28;6.58;7.695;VSS;VSS
AM29;7.52;7.695;TEST31B;GPIO/SPI/SMBus
AM30;8.46;7.695;TEST31A;GPIO/SPI/SMBus
AM31;9.4;7.695;VSS;VSS
AM32;10.34;7.695;MBB_CHECK[1];Speicher-A
AM33;11.28;7.695;VSS;VSS
AM34;12.22;7.695;MBB_CA[1];Speicher-A
AM35;13.16;7.695;VSS;VSS
AM36;14.1;7.695;MBB_CA[0];Speicher-A
AM37;15.04;7.695;VSS;VSS
AM38;15.98;7.695;VSS;VSS
AM39;16.92;7.695;MAB0_CS_L[0];Speicher-B
AM40;17.86;7.695;MAB0_CS_L[1];Speicher-B
AM41;18.8;7.695;VSS;VSS
AN2;-17.86;8.505;VSS;VSS
AN3;-16.92;8.505;VSS;VSS
AN4;-15.98;8.505;VSS;VSS
AN5;-15.04;8.505;PCIE_TXP[24];PCIe
AN6;-14.1;8.505;VSS;VSS
AN7;-13.16;8.505;PCIE_TXP[23];PCIe
AN8;-12.22;8.505;VSS;VSS
AN9;-11.28;8.505;VDD_MISC;Steuerung2
AN10;-10.34;8.505;VSS;VSS
AN11;-9.4;8.505;VDD_MISC;Steuerung2
AN12;-8.46;8.505;PCIE_RXN[22];PCIe
AN13;-7.52;8.505;VSS;VSS
AN14;-6.58;8.505;PCIE_RXP[21];PCIe
AN15;-5.64;8.505;VSS;VSS
AN16;-4.7;8.505;PCIE_RXP[26];PCIe
AN17;-3.76;8.505;PCIE_RXN[26];PCIe
AN18;-2.82;8.505;VSS;VSS
AN19;-1.88;8.505;VSS;VSS
AN20;-0.94;8.505;VSS;VSS
AN21;0.0;8.505;VSS;VSS
AN22;0.94;8.505;VDDCR;VDDCR
AN23;1.88;8.505;VSS;VSS
AN24;2.82;8.505;VDDCR;VDDCR
AN25;3.76;8.505;VSS;VSS
AN26;4.7;8.505;VDDCR;VDDCR
AN27;5.64;8.505;VSS;VSS
AN28;6.58;8.505;VDDCR;VDDCR
AN29;7.52;8.505;VSS;VSS
AN30;8.46;8.505;VSS;VSS
AN31;9.4;8.505;MBB_CHECK[3];Speicher-A
AN32;10.34;8.505;VSS;VSS
AN33;11.28;8.505;VSS;VSS
AN34;12.22;8.505;MBB1_CS_L[1];Speicher-A
AN35;13.16;8.505;MBB0_CS_L[1];Speicher-A
AN36;14.1;8.505;VSS;VSS
AN37;15.04;8.505;MA_RESET_L;Speicher-B
AN38;15.98;8.505;VSS;VSS
AN39;16.92;8.505;VSS;VSS
AN40;17.86;8.505;MAB1_CS_L[0];Speicher-B
AP1;-18.8;9.315;VSS;VSS
AP2;-17.86;9.315;VSS;VSS
AP3;-16.92;9.315;PCIE_TXP[25];PCIe
AP4;-15.98;9.315;VSS;VSS
AP5;-15.04;9.315;PCIE_TXN[24];PCIe
AP6;-14.1;9.315;VSS;VSS
AP7;-13.16;9.315;VDD_MISC;Steuerung2
AP8;-12.22;9.315;VDD_MISC;Steuerung2
AP9;-11.28;9.315;PCIE_RXP[23];PCIe
AP10;-10.34;9.315;VDD_MISC;Steuerung2
AP11;-9.4;9.315;VDD_MISC;Steuerung2
AP12;-8.46;9.315;PCIE_RXP[22];PCIe
AP13;-7.52;9.315;VDD_MISC;Steuerung2
AP14;-6.58;9.315;VSS;VSS
AP15;-5.64;9.315;VDD_MISC;Steuerung2
AP16;-4.7;9.315;VSS;VSS
AP17;-3.76;9.315;VDD_MISC_S5;Steuerung2
AP18;-2.82;9.315;VDD_18;Sonstig
AP19;-1.88;9.315;VDD_18;Sonstig
AP20;-0.94;9.315;VDD_18;Sonstig
AP22;0.94;9.315;VDD_33_S5;Sonstig3
AP23;1.88;9.315;VSS;VSS
AP24;2.82;9.315;CCD_ANALOG_TEST;Takt/Debug
AP25;3.76;9.315;TEST5_CCD1;GPIO/SPI/SMBus
AP26;4.7;9.315;TEST6_CCD;GPIO/SPI/SMBus
AP27;5.64;9.315;SMU_ZVDD_ODPR2;Takt/Debug
AP28;6.58;9.315;SMU_ZVDD_ODPR1;Takt/Debug
AP29;7.52;9.315;TEST47_2;GPIO/SPI/SMBus
AP30;8.46;9.315;TEST4_CCD0;GPIO/SPI/SMBus
AP31;9.4;9.315;TEST5_CCD0;GPIO/SPI/SMBus
AP32;10.34;9.315;VSS;VSS
AP33;11.28;9.315;MBB0_CS_L[0];Speicher-A
AP34;12.22;9.315;MBB1_CS_L[0];Speicher-A
AP35;13.16;9.315;VSS;VSS
AP36;14.1;9.315;MB_RESET_L;Speicher-A
AP37;15.04;9.315;VSS;VSS
AP38;15.98;9.315;VSS;VSS
AP39;16.92;9.315;MAB_DATA[0];Speicher-B
AP40;17.86;9.315;VSS;VSS
AP41;18.8;9.315;VSS;VSS
AR2;-17.86;10.125;PCIE_TXN[26];PCIe
AR3;-16.92;10.125;VSS;VSS
AR4;-15.98;10.125;PCIE_TXN[25];PCIe
AR5;-15.04;10.125;VSS;VSS
AR6;-14.1;10.125;VSS;VSS
AR7;-13.16;10.125;PCIE_TXN[27];PCIe
AR8;-12.22;10.125;VDD_MISC;Steuerung2
AR9;-11.28;10.125;VSS;VSS
AR10;-10.34;10.125;PCIE_RXN[23];PCIe
AR11;-9.4;10.125;VSS;VSS
AR12;-8.46;10.125;VDD_MISC;Steuerung2
AR13;-7.52;10.125;VSS;VSS
AR14;-6.58;10.125;VDD_MISC;Steuerung2
AR15;-5.64;10.125;VSS;VSS
AR16;-4.7;10.125;PCIE_RXP[27];PCIe
AR17;-3.76;10.125;PCIE_RXN[27];PCIe
AR18;-2.82;10.125;VSS;VSS
AR19;-1.88;10.125;VDD_18;Sonstig
AR20;-0.94;10.125;VDD_18_S5;Sonstig
AR21;0.0;10.125;VSS;VSS
AR22;0.94;10.125;VDD_33;Sonstig3
AR23;1.88;10.125;VDD_MISC_SENSE;Takt/Debug
AR24;2.82;10.125;VSS;VSS
AR25;3.76;10.125;TEST4_CCD1;GPIO/SPI/SMBus
AR26;4.7;10.125;TEST49_CCD1;GPIO/SPI/SMBus
AR27;5.64;10.125;VSS;VSS
AR28;6.58;10.125;VSS;VSS
AR29;7.52;10.125;TEST49_CCD0;GPIO/SPI/SMBus
AR30;8.46;10.125;VSS;VSS
AR31;9.4;10.125;VSS;VSS
AR32;10.34;10.125;RSVD;Debug
AR33;11.28;10.125;VSS;VSS
AR34;12.22;10.125;VSS;VSS
AR35;13.16;10.125;VSS;VSS
AR36;14.1;10.125;VSS;VSS
AR37;15.04;10.125;MAB_DATA[3];Speicher-B
AR38;15.98;10.125;MAB_DATA[1];Speicher-B
AR39;16.92;10.125;VSS;VSS
AR40;17.86;10.125;MAB_DATA[2];Speicher-B
AT1;-18.8;10.935;VSS;VSS
AT2;-17.86;10.935;PCIE_TXP[26];PCIe
AT3;-16.92;10.935;VSS;VSS
AT4;-15.98;10.935;VSS;VSS
AT5;-15.04;10.935;VSS;VSS
AT6;-14.1;10.935;PCIE_TXP[27];PCIe
AT7;-13.16;10.935;VDD_MISC;Steuerung2
AT8;-12.22;10.935;VDD_MISC;Steuerung2
AT9;-11.28;10.935;VDD_MISC;Steuerung2
AT10;-10.34;10.935;VDD_MISC;Steuerung2
AT11;-9.4;10.935;VDD_MISC;Steuerung2
AT12;-8.46;10.935;VDD_MISC;Steuerung2
AT13;-7.52;10.935;VDD_MISC;Steuerung2
AT14;-6.58;10.935;VDD_MISC;Steuerung2
AT15;-5.64;10.935;VDD_MISC;Steuerung2
AT16;-4.7;10.935;VDD_MISC_S5;Steuerung2
AT17;-3.76;10.935;VDD_MISC_S5;Steuerung2
AT18;-2.82;10.935;VDD_18;Sonstig
AT19;-1.88;10.935;VDD_18;Sonstig
AT20;-0.94;10.935;VDD_18_S5;Sonstig
AT22;0.94;10.935;TEST14;GPIO/SPI/SMBus
AT23;1.88;10.935;VSS_SENSE_B;Takt/Debug
AT24;2.82;10.935;VSS;VSS
AT25;3.76;10.935;MBB_DATA[28];Speicher-A
AT26;4.7;10.935;VSS;VSS
AT27;5.64;10.935;MBB_DATA[24];Speicher-A
AT28;6.58;10.935;MBB_DATA[26];Speicher-A
AT29;7.52;10.935;VSS;VSS
AT30;8.46;10.935;MBB_DQS_L[2];Speicher-A
AT31;9.4;10.935;MBB_DATA[17];Speicher-A
AT32;10.34;10.935;VSS;VSS
AT33;11.28;10.935;MBB_DATA[14];Speicher-A
AT34;12.22;10.935;MBB_DATA[10];Speicher-A
AT35;13.16;10.935;VSS;VSS
AT36;14.1;10.935;MBB_DATA[8];Speicher-A
AT37;15.04;10.935;VSS;VSS
AT38;15.98;10.935;VSS;VSS
AT39;16.92;10.935;MAB_DQS_H[0];Speicher-B
AT40;17.86;10.935;MAB_DQS_L[0];Speicher-B
AT41;18.8;10.935;VSS;VSS
AU2;-17.86;11.745;VSS;VSS
AU3;-16.92;11.745;VSS;VSS
AU4;-15.98;11.745;GPP_CLK0N;PCIe
AU5;-15.04;11.745;GPP_CLK2N;PCIe
AU6;-14.1;11.745;VSS;VSS
AU7;-13.16;11.745;VSS;VSS
AU8;-12.22;11.745;AM5R1;Takt/Debug
AU9;-11.28;11.745;VSS;VSS
AU10;-10.34;11.745;PWR_BTN_L/AGPIO0;Takt/Debug
AU11;-9.4;11.745;AGPIO8/AUX5_RST_L/TMU_CLK_OUT;DisplayPort
AU12;-8.46;11.745;VSS;VSS
AU13;-7.52;11.745;SPI_ROM_GNT/EGPIO76;DisplayPort
AU14;-6.58;11.745;SPI_ROM_REQ/EGPIO67;DisplayPort
AU15;-5.64;11.745;VSS;VSS
AU16;-4.7;11.745;SPI1_DAT[0]/ESPI_DAT[0]/EGPIO81;DisplayPort
AU17;-3.76;11.745;RSMRST_L;Takt/Debug
AU18;-2.82;11.745;VSS;VSS
AU19;-1.88;11.745;ALERT_L;Takt/Debug
AU20;-0.94;11.745;TEST16;GPIO/SPI/SMBus
AU21;0.0;11.745;VSS;VSS
AU22;0.94;11.745;VDD_MISC_S5_SENSE;Takt/Debug
AU23;1.88;11.745;VSS;VSS
AU24;2.82;11.745;VSS;VSS
AU25;3.76;11.745;MBB_DQS_L[3];Speicher-A
AU26;4.7;11.745;MBB_DATA[25];Speicher-A
AU27;5.64;11.745;VSS;VSS
AU28;6.58;11.745;MBB_DATA[22];Speicher-A
AU29;7.52;11.745;MBB_DQS_H[2];Speicher-A
AU30;8.46;11.745;VSS;VSS
AU31;9.4;11.745;MBB_DATA[18];Speicher-A
AU32;10.34;11.745;MBB_DATA[15];Speicher-A
AU33;11.28;11.745;VSS;VSS
AU34;12.22;11.745;MBB_DQS_L[1];Speicher-A
AU35;13.16;11.745;MBB_DATA[9];Speicher-A
AU36;14.1;11.745;VSS;VSS
AU37;15.04;11.745;MAB_DATA[4];Speicher-B
AU38;15.98;11.745;MAB_DATA[6];Speicher-B
AU39;16.92;11.745;VSS;VSS
AU40;17.86;11.745;MAB_DM[0];Speicher-B
AV1;-18.8;12.555;X48M_X1;Takt/Debug
AV2;-17.86;12.555;VSS;VSS
AV3;-16.92;12.555;GPP_CLK0P;PCIe
AV4;-15.98;12.555;VSS;VSS
AV5;-15.04;12.555;GPP_CLK2P;PCIe
AV6;-14.1;12.555;USB_OC0_L/AGPIO16;USB
AV7;-13.16;12.555;VSS;VSS
AV8;-12.22;12.555;AGPIO27/AUX3_RST_L;DisplayPort
AV9;-11.28;12.555;AGPIO40/AUX2_RST_L;DisplayPort
AV10;-10.34;12.555;VSS;VSS
AV11;-9.4;12.555;AGPIO32;DisplayPort
AV12;-8.46;12.555;RSVD;Debug
AV13;-7.52;12.555;VSS;VSS
AV14;-6.58;12.555;SPI1_CLK/ESPI_CLK/EGPIO77;DisplayPort
AV15;-5.64;12.555;SPI_CS2_L/ESPI_CS_L/AGPIO30;DisplayPort
AV16;-4.7;12.555;VSS;VSS
AV17;-3.76;12.555;GENINT2_L/AGPIO90;Takt/Debug
AV18;-2.82;12.555;SPKR/AGPIO91;HDA/DMIC
AV19;-1.88;12.555;VSS;VSS
AV20;-0.94;12.555;TEST17;GPIO/SPI/SMBus
AV22;0.94;12.555;TEST15;GPIO/SPI/SMBus
AV23;1.88;12.555;VSS;VSS
AV24;2.82;12.555;MBB_DATA[30];Speicher-A
AV25;3.76;12.555;MBB_DQS_H[3];Speicher-A
AV26;4.7;12.555;VSS;VSS
AV27;5.64;12.555;MBB_DATA[27];Speicher-A
AV28;6.58;12.555;MBB_DATA[23];Speicher-A
AV29;7.52;12.555;VSS;VSS
AV30;8.46;12.555;MBB_DM[2];Speicher-A
AV31;9.4;12.555;VSS;VSS
AV32;10.34;12.555;VSS;VSS
AV33;11.28;12.555;MBB_DATA[13];Speicher-A
AV34;12.22;12.555;MBB_DQS_H[1];Speicher-A
AV35;13.16;12.555;VSS;VSS
AV36;14.1;12.555;MBB_DATA[11];Speicher-A
AV37;15.04;12.555;VSS;VSS
AV38;15.98;12.555;VSS;VSS
AV39;16.92;12.555;MAB_DATA[5];Speicher-B
AV40;17.86;12.555;MAB_DATA[7];Speicher-B
AV41;18.8;12.555;VSS;VSS
AW2;-17.86;13.365;X48M_X2;Takt/Debug
AW3;-16.92;13.365;VSS;VSS
AW4;-15.98;13.365;GPP_CLK1P;PCIe
AW5;-15.04;13.365;GPP_CLK3P;PCIe
AW6;-14.1;13.365;VSS;VSS
AW7;-13.16;13.365;USB_OC1_L/AGPIO17/WAKE4_L;USB
AW8;-12.22;13.365;USB_OC2_L/AGPIO18/WAKE5_L;USB
AW9;-11.28;13.365;VSS;VSS
AW10;-10.34;13.365;PWR_GOOD;Takt/Debug
AW11;-9.4;13.365;AGPIO9/WAKE2_L;DisplayPort
AW12;-8.46;13.365;VSS;VSS
AW13;-7.52;13.365;PCC_L;Takt/Debug
AW14;-6.58;13.365;SPI1_DAT[3]/ESPI_DAT[3]/AGPIO69;DisplayPort
AW15;-5.64;13.365;VSS;VSS
AW16;-4.7;13.365;SPI1_CS1_L/EGPIO74;DisplayPort
AW17;-3.76;13.365;GENINT1_L/AGPIO89;Takt/Debug
AW18;-2.82;13.365;VSS;VSS
AW19;-1.88;13.365;PROCHOT_L;Takt/Debug
AW20;-0.94;13.365;SIC;Takt/Debug
AW21;0.0;13.365;VSS;VSS
AW22;0.94;13.365;VSS;VSS
AW23;1.88;13.365;MBB_DATA[31];Speicher-A
AW24;2.82;13.365;MBB_DATA[29];Speicher-A
AW25;3.76;13.365;VSS;VSS
AW26;4.7;13.365;MBB_DM[3];Speicher-A
AW27;5.64;13.365;VSS;VSS
AW28;6.58;13.365;MBB_DATA[21];Speicher-A
AW29;7.52;13.365;MBB_DATA[20];Speicher-A
AW30;8.46;13.365;VSS;VSS
AW31;9.4;13.365;MBB_DATA[19];Speicher-A
AW32;10.34;13.365;MBB_DATA[16];Speicher-A
AW33;11.28;13.365;VSS;VSS
AW34;12.22;13.365;MBB_DATA[12];Speicher-A
AW35;13.16;13.365;MBB_DM[1];Speicher-A
AW36;14.1;13.365;VSS;VSS
AW37;15.04;13.365;MBB_DATA[0];Speicher-A
AW38;15.98;13.365;VSS;VSS
AW39;16.92;13.365;VSS;VSS
AW40;17.86;13.365;VSS;VSS
AY1;-18.8;14.175;X48M_OSC;Takt/Debug
AY2;-17.86;14.175;RTCCLK;Takt/Debug
AY3;-16.92;14.175;GPP_CLK1N;PCIe
AY4;-15.98;14.175;VSS;VSS
AY5;-15.04;14.175;GPP_CLK3N;PCIe
AY6;-14.1;14.175;USBC_PD_INT;USB
AY7;-13.16;14.175;VSS;VSS
AY8;-12.22;14.175;AGPIO23/USB_BIOS_UPDATE;DisplayPort
AY9;-11.28;14.175;AGPIO7/AUX4_RST_L;DisplayPort
AY10;-10.34;14.175;VSS;VSS
AY11;-9.4;14.175;AGPIO12/WAKE3_L;DisplayPort
AY12;-8.46;14.175;RSVD;Debug
AY13;-7.52;14.175;VSS;VSS
AY14;-6.58;14.175;SPI1_DAT[1]/ESPI_DAT[1]/EGPIO80;DisplayPort
AY15;-5.64;14.175;SPI1_DAT[2]/ESPI_DAT[2]/AGPIO68;DisplayPort
AY16;-4.7;14.175;VSS;VSS
AY17;-3.76;14.175;FANOUT0/AGPIO85;Takt/Debug
AY18;-2.82;14.175;THERMTRIP_L;Takt/Debug
AY19;-1.88;14.175;VSS;VSS
AY20;-0.94;14.175;SID;Takt/Debug
AY22;0.94;14.175;RESET_L;Takt/Debug
AY23;1.88;14.175;VSS;VSS
AY24;2.82;14.175;VSS;VSS
AY25;3.76;14.175;VSS;VSS
AY26;4.7;14.175;VSS;VSS
AY27;5.64;14.175;VSS;VSS
AY28;6.58;14.175;VSS;VSS
AY29;7.52;14.175;VSS;VSS
AY30;8.46;14.175;VSS;VSS
AY31;9.4;14.175;VSS;VSS
AY32;10.34;14.175;VSS;VSS
AY33;11.28;14.175;VSS;VSS
AY34;12.22;14.175;VSS;VSS
AY35;13.16;14.175;VSS;VSS
AY36;14.1;14.175;VSS;VSS
AY37;15.04;14.175;VSS;VSS
AY38;15.98;14.175;VSS;VSS
AY39;16.92;14.175;MBB_DATA[1];Speicher-A
AY40;17.86;14.175;MBB_DATA[2];Speicher-A
AY41;18.8;14.175;VSS;VSS
BA2;-17.86;14.985;X32K_X1;Takt/Debug
BA3;-16.92;14.985;VSS;VSS
BA4;-15.98;14.985;GPP_CLK5N;PCIe
BA5;-15.04;14.985;TDO;GPIO/SPI/SMBus
BA6;-14.1;14.985;VSS;VSS
BA7;-13.16;14.985;TRST_L;GPIO/SPI/SMBus
BA8;-12.22;14.985;PCIE_RST0_L/EGPIO26;PCIe
BA9;-11.28;14.985;VSS;VSS
BA10;-10.34;14.985;S0A3_GPIO/AGPIO10;Takt/Debug
BA11;-9.4;14.985;AGPIO2/WAKE0_L;DisplayPort
BA12;-8.46;14.985;VSS;VSS
BA13;-7.52;14.985;ESPI_RESET_L/KBRST_L/AGPIO21;DisplayPort
BA14;-6.58;14.985;SPI_CLK/ESPI_CLK;DisplayPort
BA15;-5.64;14.985;VSS;VSS
BA16;-4.7;14.985;SPI_TPM_CS_L/AGPIO29;DisplayPort
BA17;-3.76;14.985;FANIN0/AGPIO84;Takt/Debug
BA18;-2.82;14.985;VSS;VSS
BA19;-1.88;14.985;CLK_REQ0_L/AGPIO92;Takt/Debug
BA20;-0.94;14.985;I2C1_SCL/I3C1_SCL/EGPIO147;DisplayPort
BA21;0.0;14.985;VSS;VSS
BA22;0.94;14.985;DBREQ_L;GPIO/SPI/SMBus
BA23;1.88;14.985;VSS;VSS
BA24;2.82;14.985;MAB_DATA[28];Speicher-B
BA25;3.76;14.985;VSS;VSS
BA26;4.7;14.985;VSS;VSS
BA27;5.64;14.985;MAB_DATA[26];Speicher-B
BA28;6.58;14.985;MAB_DATA[21];Speicher-B
BA29;7.52;14.985;VSS;VSS
BA30;8.46;14.985;MAB_DQS_L[2];Speicher-B
BA31;9.4;14.985;MAB_DATA[17];Speicher-B
BA32;10.34;14.985;VSS;VSS
BA33;11.28;14.985;VSS;VSS
BA34;12.22;14.985;MAB_DATA[12];Speicher-B
BA35;13.16;14.985;MAB_DATA[8];Speicher-B
BA36;14.1;14.985;VSS;VSS
BA37;15.04;14.985;MBB_DQS_H[0];Speicher-A
BA38;15.98;14.985;MBB_DQS_L[0];Speicher-A
BA39;16.92;14.985;VSS;VSS
BA40;17.86;14.985;MBB_DATA[3];Speicher-A
BB1;-18.8;15.795;X32K_X2;Takt/Debug
BB2;-17.86;15.795;VDDBT_RTC_G;Takt/Debug
BB3;-16.92;15.795;GPP_CLK5P;PCIe
BB4;-15.98;15.795;VSS;VSS
BB5;-15.04;15.795;SMBUS1_SCL/I2C3_SCL/I3C3_SCL/AGPIO19;DisplayPort
BB6;-14.1;15.795;TDI;GPIO/SPI/SMBus
BB7;-13.16;15.795;VSS;VSS
BB8;-12.22;15.795;SLP_S5_L;Takt/Debug
BB9;-11.28;15.795;AGPIO5/AUX0_RST_L;DisplayPort
BB10;-10.34;15.795;VSS;VSS
BB11;-9.4;15.795;AGPIO3/WAKE1_L;DisplayPort
BB12;-8.46;15.795;RSVD;Debug
BB13;-7.52;15.795;VSS;VSS
BB14;-6.58;15.795;SPI_DAT[1]/ESPI_DAT[1];DisplayPort
BB15;-5.64;15.795;SPI_DAT[2]/ESPI_DAT[2];DisplayPort
BB16;-4.7;15.795;VSS;VSS
BB17;-3.76;15.795;CLK_REQ4_L/OSCIN/EGPIO132;Takt/Debug
BB18;-2.82;15.795;CLK_REQ2_L/AGPIO116;Takt/Debug
BB19;-1.88;15.795;VSS;VSS
BB20;-0.94;15.795;I2C1_SDA/I3C1_SDA/EGPIO148;DisplayPort
BB22;0.94;15.795;PWROK;Takt/Debug
BB23;1.88;15.795;VSS;VSS
BB24;2.82;15.795;MAB_DATA[31];Speicher-B
BB25;3.76;15.795;VSS;VSS
BB26;4.7;15.795;MAB_DM[3];Speicher-B
BB27;5.64;15.795;MAB_DATA[25];Speicher-B
BB28;6.58;15.795;VSS;VSS
BB29;7.52;15.795;MAB_DATA[22];Speicher-B
BB30;8.46;15.795;MAB_DQS_H[2];Speicher-B
BB31;9.4;15.795;VSS;VSS
BB32;10.34;15.795;MAB_DATA[16];Speicher-B
BB33;11.28;15.795;MAB_DATA[15];Speicher-B
BB34;12.22;15.795;VSS;VSS
BB35;13.16;15.795;MAB_DM[1];Speicher-B
BB36;14.1;15.795;MAB_DATA[9];Speicher-B
BB37;15.04;15.795;VSS;VSS
BB38;15.98;15.795;VSS;VSS
BB39;16.92;15.795;MBB_DATA[6];Speicher-A
BB40;17.86;15.795;MBB_DM[0];Speicher-A
BB41;18.8;15.795;VSS;VSS
BC3;-16.92;16.605;VSS;VSS
BC4;-15.98;16.605;GPP_CLK4N;PCIe
BC5;-15.04;16.605;SMBUS1_SDA/I2C3_SDA/I3C3_SDA/AGPIO20;DisplayPort
BC6;-14.1;16.605;VSS;VSS
BC7;-13.16;16.605;TMS;GPIO/SPI/SMBus
BC8;-12.22;16.605;SLP_S3_L;Takt/Debug
BC9;-11.28;16.605;VSS;VSS
BC10;-10.34;16.605;CLK_REQ5_L/AGPIO38;Takt/Debug
BC11;-9.4;16.605;AGPIO4;DisplayPort
BC12;-8.46;16.605;VSS;VSS
BC13;-7.52;16.605;ESPI_ALERT_L/AGPIO22;DisplayPort
BC14;-6.58;16.605;SPI_DAT[0]/ESPI_DAT[0];DisplayPort
BC15;-5.64;16.605;VSS;VSS
BC16;-4.7;16.605;SPI1_CS2_L/EGPIO78;DisplayPort
BC17;-3.76;16.605;CLK_REQ3_L/EGPIO131;Takt/Debug
BC18;-2.82;16.605;VSS;VSS
BC19;-1.88;16.605;CLK_REQ1_L/AGPIO115;Takt/Debug
BC20;-0.94;16.605;I2C0_SDA/I3C0_SDA/EGPIO146;DisplayPort
BC21;0.0;16.605;VSS;VSS
BC22;0.94;16.605;SMBUS0_SCL/I2C2_SCL/I3C2_SCL/EGPIO113;DisplayPort
BC23;1.88;16.605;VSS;VSS
BC24;2.82;16.605;MAB_DATA[30];Speicher-B
BC25;3.76;16.605;MAB_DQS_H[3];Speicher-B
BC26;4.7;16.605;VSS;VSS
BC27;5.64;16.605;MAB_DATA[24];Speicher-B
BC28;6.58;16.605;MAB_DATA[23];Speicher-B
BC29;7.52;16.605;VSS;VSS
BC30;8.46;16.605;VSS;VSS
BC31;9.4;16.605;MAB_DATA[19];Speicher-B
BC32;10.34;16.605;VSS;VSS
BC33;11.28;16.605;MAB_DATA[14];Speicher-B
BC34;12.22;16.605;MAB_DQS_H[1];Speicher-B
BC35;13.16;16.605;VSS;VSS
BC36;14.1;16.605;MAB_DATA[10];Speicher-B
BC37;15.04;16.605;VSS;VSS
BC38;15.98;16.605;MBB_DATA[4];Speicher-A
BC39;16.92;16.605;VSS;VSS
BD3;-16.92;17.415;GPP_CLK4P;PCIe
BD4;-15.98;17.415;VSS;VSS
BD5;-15.04;17.415;USB_OC3_L/AGPIO24;USB
BD6;-14.1;17.415;TCK;GPIO/SPI/SMBus
BD7;-13.16;17.415;VSS;VSS
BD8;-12.22;17.415;SYS_RESET_L/AGPIO1;Takt/Debug
BD9;-11.28;17.415;AGPIO6/AUX1_RST_L;DisplayPort
BD10;-10.34;17.415;VSS;VSS
BD11;-9.4;17.415;BLINK/AGPIO11;Takt/Debug
BD12;-8.46;17.415;AGPIO130;DisplayPort
BD13;-7.52;17.415;VSS;VSS
BD14;-6.58;17.415;SPI_DAT[3]/ESPI_DAT[3];DisplayPort
BD15;-5.64;17.415;SPI_CS1_L;DisplayPort
BD20;-0.94;17.415;I2C0_SCL/I3C0_SCL/EGPIO145;DisplayPort
BD22;0.94;17.415;SMBUS0_SDA/I2C2_SDA/I3C2_SDA/EGPIO114;DisplayPort
BD23;1.88;17.415;VSS;VSS
BD24;2.82;17.415;MAB_DATA[29];Speicher-B
BD25;3.76;17.415;VSS;VSS
BD26;4.7;17.415;MAB_DQS_L[3];Speicher-B
BD27;5.64;17.415;MAB_DATA[27];Speicher-B
BD28;6.58;17.415;VSS;VSS
BD29;7.52;17.415;MAB_DATA[20];Speicher-B
BD30;8.46;17.415;MAB_DM[2];Speicher-B
BD31;9.4;17.415;VSS;VSS
BD32;10.34;17.415;MAB_DATA[18];Speicher-B
BD33;11.28;17.415;MAB_DATA[13];Speicher-B
BD34;12.22;17.415;VSS;VSS
BD35;13.16;17.415;MAB_DQS_L[1];Speicher-B
BD36;14.1;17.415;MAB_DATA[11];Speicher-B
BD37;15.04;17.415;VSS;VSS
BD38;15.98;17.415;MBB_DATA[5];Speicher-A
BD39;16.92;17.415;MBB_DATA[7];Speicher-A
